Beneficiary_ID,Employee_ID,Beneficiary_Name,Relationship,Allocation_Percentage
BEN00001,EMP00001,April Perez Family,Spouse,100
BEN00002,EMP00002,Jonathan Morris Family,Sibling,100
BEN00003,EMP00003,Kathryn Cook Family,Parent,100
BEN00004,EMP00004,Christopher Johnson Family,Sibling,100
BEN00005,EMP00005,Kenneth Thompson Family,Sibling,100
BEN00006,EMP00006,Wendy Kidd Family,Parent,100
BEN00007,EMP00007,John Smith Family,Sibling,100
BEN00008,EMP00008,Timothy Callahan Family,Parent,100
BEN00009,EMP00009,Jessica Blanchard Family,Spouse,100
BEN00010,EMP00010,Fernando Lara Family,Sibling,100
BEN00011,EMP00011,Patricia Duncan Family,Parent,100
BEN00012,EMP00012,Melissa Cannon Family,Child,100
BEN00013,EMP00013,Keith Allen Family,Parent,100
BEN00014,EMP00014,Brenda Griffin Family,Child,100
BEN00015,EMP00015,Donna Johnson Family,Sibling,100
BEN00016,EMP00016,Casey Miller Family,Parent,100
BEN00017,EMP00017,David Deleon Family,Parent,100
BEN00018,EMP00018,Christina Smith Family,Sibling,100
BEN00019,EMP00019,Cathy Wilson Family,Sibling,100
BEN00020,EMP00020,Nicholas Rhodes Family,Child,100
BEN00021,EMP00021,Scott Haney Family,Parent,100
BEN00022,EMP00022,Jessica Smith Family,Spouse,100
BEN00023,EMP00023,Kristin Anderson Family,Sibling,100
BEN00024,EMP00024,John Mcdonald Family,Spouse,100
BEN00025,EMP00025,Stephen Brown Family,Sibling,100
BEN00026,EMP00026,Daniel Faulkner Family,Parent,100
BEN00027,EMP00027,Pamela Morales Family,Spouse,100
BEN00028,EMP00028,Kenneth Torres Family,Child,100
BEN00029,EMP00029,Ryan Sims Family,Spouse,100
BEN00030,EMP00030,Aaron Whitaker Family,Parent,100
BEN00031,EMP00031,Ricardo Larson Family,Child,100
BEN00032,EMP00032,Emily Johnson Family,Spouse,100
BEN00033,EMP00033,Susan Jones Family,Sibling,100
BEN00034,EMP00034,Amanda Thompson Family,Parent,100
BEN00035,EMP00035,Wanda Evans Family,Child,100
BEN00036,EMP00036,Gabriel Hicks Family,Spouse,100
BEN00037,EMP00037,Laura Harris Family,Sibling,100
BEN00038,EMP00038,Michael Phillips Family,Child,100
BEN00039,EMP00039,Laurie David Family,Parent,100
BEN00040,EMP00040,Amanda Rodriguez Family,Sibling,100
BEN00041,EMP00041,Juan Ramirez Family,Child,100
BEN00042,EMP00042,Jennifer Garcia Family,Sibling,100
BEN00043,EMP00043,Thomas Taylor Family,Sibling,100
BEN00044,EMP00044,Thomas Mendoza Family,Sibling,100
BEN00045,EMP00045,Paul Horne Family,Parent,100
BEN00046,EMP00046,Larry Keller Family,Child,100
BEN00047,EMP00047,Sarah Tanner Family,Parent,100
BEN00048,EMP00048,Valerie Barnett Family,Parent,100
BEN00049,EMP00049,Danielle Alexander Family,Parent,100
BEN00050,EMP00050,Rachel Smith Family,Sibling,100
BEN00051,EMP00051,Charlene Goodwin Family,Spouse,100
BEN00052,EMP00052,Steven Warren Family,Parent,100
BEN00053,EMP00053,Steven Mason Family,Sibling,100
BEN00054,EMP00054,Carrie Miller Family,Sibling,100
BEN00055,EMP00055,Frederick Nunez Family,Sibling,100
BEN00056,EMP00056,Christopher Smith Family,Parent,100
BEN00057,EMP00057,Glenn Freeman Family,Spouse,100
BEN00058,EMP00058,Anthony Russell Family,Sibling,100
BEN00059,EMP00059,Stephanie Mcintyre Family,Child,100
BEN00060,EMP00060,Christina Hogan Family,Parent,100
BEN00061,EMP00061,Jeffrey Baker Family,Parent,100
BEN00062,EMP00062,Kathleen Campbell Family,Parent,100
BEN00063,EMP00063,Deanna Potts Family,Child,100
BEN00064,EMP00064,Alyssa Sharp Family,Sibling,100
BEN00065,EMP00065,Jeremiah Burns Family,Sibling,100
BEN00066,EMP00066,Joy Taylor Family,Child,100
BEN00067,EMP00067,Diana Vaughn Family,Parent,100
BEN00068,EMP00068,Nicholas Jones Family,Sibling,100
BEN00069,EMP00069,Charles Williams Family,Child,100
BEN00070,EMP00070,Scott Kelly Family,Sibling,100
BEN00071,EMP00071,Jane Scott Family,Sibling,100
BEN00072,EMP00072,Terri Schroeder Family,Parent,100
BEN00073,EMP00073,Larry Stanton Family,Parent,100
BEN00074,EMP00074,Natalie Snow Family,Child,100
BEN00075,EMP00075,Cynthia French Family,Child,100
BEN00076,EMP00076,Francisco Hardin Family,Sibling,100
BEN00077,EMP00077,Christopher Hernandez Family,Child,100
BEN00078,EMP00078,Stephanie Wright Family,Child,100
BEN00079,EMP00079,Christine Skinner Family,Parent,100
BEN00080,EMP00080,Richard Garcia Family,Sibling,100
BEN00081,EMP00081,Stephanie Greene Family,Child,100
BEN00082,EMP00082,Rachel Walker Family,Sibling,100
BEN00083,EMP00083,Melissa Casey Family,Sibling,100
BEN00084,EMP00084,Cynthia Anderson Family,Parent,100
BEN00085,EMP00085,April Sanchez Family,Parent,100
BEN00086,EMP00086,Brooke Ayers Family,Parent,100
BEN00087,EMP00087,Michelle Cox Family,Parent,100
BEN00088,EMP00088,Katherine Robinson Family,Spouse,100
BEN00089,EMP00089,Christopher Martinez Family,Spouse,100
BEN00090,EMP00090,Nicole Roberts Family,Child,100
BEN00091,EMP00091,Laura Boone Family,Parent,100
BEN00092,EMP00092,Miranda Erickson Family,Spouse,100
BEN00093,EMP00093,Holly Brown Family,Parent,100
BEN00094,EMP00094,Kelly Watkins Family,Parent,100
BEN00095,EMP00095,Earl Farley Family,Parent,100
BEN00096,EMP00096,Kathy Thompson Family,Sibling,100
BEN00097,EMP00097,Michele Alexander Family,Child,100
BEN00098,EMP00098,Sydney Gordon Family,Parent,100
BEN00099,EMP00099,Nathaniel Blair Family,Sibling,100
BEN00100,EMP00100,Courtney Roberts Family,Parent,100
BEN00101,EMP00101,Keith Mathis Family,Child,100
BEN00102,EMP00102,Joshua Bradley Family,Parent,100
BEN00103,EMP00103,Autumn Aguilar Family,Parent,100
BEN00104,EMP00104,Dale Morales Family,Sibling,100
BEN00105,EMP00105,Tara Carter Family,Spouse,100
BEN00106,EMP00106,Amber Hendricks Family,Spouse,100
BEN00107,EMP00107,Richard Middleton Family,Sibling,100
BEN00108,EMP00108,James Pena Family,Spouse,100
BEN00109,EMP00109,William Dixon Family,Parent,100
BEN00110,EMP00110,Russell Powell Family,Sibling,100
BEN00111,EMP00111,Samantha King Family,Spouse,100
BEN00112,EMP00112,Taylor Stanley Family,Sibling,100
BEN00113,EMP00113,Shane Lee Family,Spouse,100
BEN00114,EMP00114,Lauren Mathews Family,Spouse,100
BEN00115,EMP00115,James Torres Family,Sibling,100
BEN00116,EMP00116,William Moreno Family,Spouse,100
BEN00117,EMP00117,Tara Parker Family,Sibling,100
BEN00118,EMP00118,Benjamin Moore Family,Spouse,100
BEN00119,EMP00119,Theresa Lane Family,Child,100
BEN00120,EMP00120,Clarence Anderson Family,Sibling,100
BEN00121,EMP00121,Adam Brown Family,Spouse,100
BEN00122,EMP00122,Ashley Jackson Family,Sibling,100
BEN00123,EMP00123,Javier Contreras Family,Sibling,100
BEN00124,EMP00124,Peter Jones Family,Spouse,100
BEN00125,EMP00125,Michael Durham Family,Spouse,100
BEN00126,EMP00126,Angela Wells Family,Sibling,100
BEN00127,EMP00127,Christine Daniel Family,Spouse,100
BEN00128,EMP00128,Kimberly Peters Family,Sibling,100
BEN00129,EMP00129,Edward Webb Family,Child,100
BEN00130,EMP00130,April Little Family,Spouse,100
BEN00131,EMP00131,Jason Ramirez Family,Sibling,100
BEN00132,EMP00132,Jennifer Davis Family,Spouse,100
BEN00133,EMP00133,Jennifer Hicks Family,Child,100
BEN00134,EMP00134,Amanda Cline Family,Spouse,100
BEN00135,EMP00135,Jonathan Morales Family,Parent,100
BEN00136,EMP00136,Aaron Jacobs Family,Parent,100
BEN00137,EMP00137,Jamie Wright Family,Parent,100
BEN00138,EMP00138,Daniel Collins Family,Parent,100
BEN00139,EMP00139,Terri Cameron Family,Parent,100
BEN00140,EMP00140,Robert Choi Family,Spouse,100
BEN00141,EMP00141,Amy Bishop Family,Sibling,100
BEN00142,EMP00142,Dana Brock Family,Child,100
BEN00143,EMP00143,Tiffany Weaver Family,Parent,100
BEN00144,EMP00144,Jessica Whitehead Family,Sibling,100
BEN00145,EMP00145,Thomas Scott Family,Child,100
BEN00146,EMP00146,Linda Lopez Family,Spouse,100
BEN00147,EMP00147,James Young Family,Spouse,100
BEN00148,EMP00148,Melissa Bush Family,Sibling,100
BEN00149,EMP00149,Sarah Coffey Family,Spouse,100
BEN00150,EMP00150,Kevin Jones Family,Parent,100
BEN00151,EMP00151,Carmen Holland Family,Parent,100
BEN00152,EMP00152,Kyle Torres Family,Spouse,100
BEN00153,EMP00153,Trevor Carpenter Family,Sibling,100
BEN00154,EMP00154,Ashley Parker Family,Spouse,100
BEN00155,EMP00155,Thomas Gonzalez Family,Spouse,100
BEN00156,EMP00156,Alison Blanchard Family,Child,100
BEN00157,EMP00157,Krista Bond Family,Child,100
BEN00158,EMP00158,Dave Rose Family,Child,100
BEN00159,EMP00159,Kaitlyn Mcgee Family,Child,100
BEN00160,EMP00160,Jasmine Oconnell Family,Spouse,100
BEN00161,EMP00161,Jimmy House Family,Spouse,100
BEN00162,EMP00162,James Brennan Family,Spouse,100
BEN00163,EMP00163,Kristine Warren Family,Spouse,100
BEN00164,EMP00164,Michael Mills Family,Child,100
BEN00165,EMP00165,Seth Powell Family,Child,100
BEN00166,EMP00166,Gregory Owen Family,Spouse,100
BEN00167,EMP00167,Monica King Family,Spouse,100
BEN00168,EMP00168,Renee Wood Family,Spouse,100
BEN00169,EMP00169,Melissa Colon Family,Parent,100
BEN00170,EMP00170,David Ross DDS Family,Spouse,100
BEN00171,EMP00171,Robert Landry Family,Parent,100
BEN00172,EMP00172,Nathaniel Taylor Family,Spouse,100
BEN00173,EMP00173,Riley Ross Family,Parent,100
BEN00174,EMP00174,Tammy Moore Family,Sibling,100
BEN00175,EMP00175,Bryan Rogers Family,Spouse,100
BEN00176,EMP00176,Mr. Austin Adams Family,Child,100
BEN00177,EMP00177,Zachary Morris Family,Spouse,100
BEN00178,EMP00178,Mark Knapp Family,Child,100
BEN00179,EMP00179,Jennifer Dunn Family,Sibling,100
BEN00180,EMP00180,Teresa Poole Family,Spouse,100
BEN00181,EMP00181,Katherine Wells Family,Sibling,100
BEN00182,EMP00182,Benjamin Lowe Family,Spouse,100
BEN00183,EMP00183,Kimberly Stephens Family,Child,100
BEN00184,EMP00184,Steven Yang Family,Child,100
BEN00185,EMP00185,Cheryl Allen Family,Sibling,100
BEN00186,EMP00186,Bonnie Nelson Family,Sibling,100
BEN00187,EMP00187,Christopher Grimes Family,Child,100
BEN00188,EMP00188,Ariel Raymond Family,Spouse,100
BEN00189,EMP00189,Heather Wilson Family,Spouse,100
BEN00190,EMP00190,April Powell Family,Spouse,100
BEN00191,EMP00191,William Johnson Family,Parent,100
BEN00192,EMP00192,Mrs. Deborah Jones PhD Family,Parent,100
BEN00193,EMP00193,Elijah Ross Family,Child,100
BEN00194,EMP00194,Kelli Foster Family,Child,100
BEN00195,EMP00195,Makayla Chung Family,Parent,100
BEN00196,EMP00196,Lindsay Taylor DDS Family,Sibling,100
BEN00197,EMP00197,Natalie Fox Family,Parent,100
BEN00198,EMP00198,James Dennis Family,Sibling,100
BEN00199,EMP00199,Kimberly Thompson Family,Spouse,100
BEN00200,EMP00200,Julie Jones MD Family,Child,100
BEN00201,EMP00201,Tracy Miller Family,Parent,100
BEN00202,EMP00202,Kyle Shelton Family,Sibling,100
BEN00203,EMP00203,Michelle Owens Family,Sibling,100
BEN00204,EMP00204,Kayla Brennan Family,Parent,100
BEN00205,EMP00205,Tonya Mata Family,Parent,100
BEN00206,EMP00206,Carlos Pope Family,Spouse,100
BEN00207,EMP00207,Jeffrey Mccoy Family,Spouse,100
BEN00208,EMP00208,Jade Rodriguez Family,Parent,100
BEN00209,EMP00209,Lisa Caldwell Family,Spouse,100
BEN00210,EMP00210,Robin Turner Family,Child,100
BEN00211,EMP00211,Maurice Gregory Family,Parent,100
BEN00212,EMP00212,Jessica Ward Family,Spouse,100
BEN00213,EMP00213,Robert Howard Family,Sibling,100
BEN00214,EMP00214,Joyce Williams MD Family,Spouse,100
BEN00215,EMP00215,Ashley Morris Family,Sibling,100
BEN00216,EMP00216,Rebecca Miller Family,Child,100
BEN00217,EMP00217,Jacqueline Maddox Family,Sibling,100
BEN00218,EMP00218,Brenda Meyer Family,Child,100
BEN00219,EMP00219,Theresa Vega Family,Sibling,100
BEN00220,EMP00220,Seth Moore Family,Child,100
BEN00221,EMP00221,Roy Ferguson Family,Child,100
BEN00222,EMP00222,Melissa Fisher Family,Sibling,100
BEN00223,EMP00223,Robert Ball Family,Sibling,100
BEN00224,EMP00224,George Velazquez Family,Sibling,100
BEN00225,EMP00225,Dale Hill Family,Sibling,100
BEN00226,EMP00226,Crystal Williams Family,Spouse,100
BEN00227,EMP00227,Christopher Green Family,Child,100
BEN00228,EMP00228,Jose Jones Family,Spouse,100
BEN00229,EMP00229,Sarah Byrd Family,Parent,100
BEN00230,EMP00230,Kimberly Barber Family,Child,100
BEN00231,EMP00231,Matthew Lewis Family,Parent,100
BEN00232,EMP00232,Timothy Hickman Family,Spouse,100
BEN00233,EMP00233,Johnathan Wiley Family,Child,100
BEN00234,EMP00234,Jordan Flores Family,Sibling,100
BEN00235,EMP00235,Randy Gregory Family,Spouse,100
BEN00236,EMP00236,Shawn Jacobs Family,Sibling,100
BEN00237,EMP00237,Jeffrey Roberts Family,Child,100
BEN00238,EMP00238,Karl Davis Family,Parent,100
BEN00239,EMP00239,Stephanie Arias Family,Parent,100
BEN00240,EMP00240,Jessica Wilson Family,Spouse,100
BEN00241,EMP00241,Tiffany Ochoa MD Family,Spouse,100
BEN00242,EMP00242,Scott Torres Family,Spouse,100
BEN00243,EMP00243,David Lyons Family,Parent,100
BEN00244,EMP00244,Erin Stout Family,Parent,100
BEN00245,EMP00245,Dana Payne Family,Sibling,100
BEN00246,EMP00246,Jeffrey House Family,Sibling,100
BEN00247,EMP00247,Bryan Johnson Family,Parent,100
BEN00248,EMP00248,Laura Ruiz Family,Child,100
BEN00249,EMP00249,Lisa Barrera Family,Parent,100
BEN00250,EMP00250,Ashley Vazquez Family,Spouse,100
BEN00251,EMP00251,Nicholas Daniels Family,Child,100
BEN00252,EMP00252,Kristen Henderson Family,Child,100
BEN00253,EMP00253,Rodney Martinez Family,Spouse,100
BEN00254,EMP00254,Douglas White Family,Parent,100
BEN00255,EMP00255,Karina Lowe Family,Spouse,100
BEN00256,EMP00256,Lindsay Brown Family,Child,100
BEN00257,EMP00257,Nicole Mckinney Family,Spouse,100
BEN00258,EMP00258,Daniel Anderson Family,Child,100
BEN00259,EMP00259,Stephen Fernandez Family,Parent,100
BEN00260,EMP00260,Michael Mcfarland Family,Parent,100
BEN00261,EMP00261,Lisa Lee Family,Spouse,100
BEN00262,EMP00262,Kristopher Lynn Family,Parent,100
BEN00263,EMP00263,Angela Jackson Family,Spouse,100
BEN00264,EMP00264,Stephanie Lewis Family,Parent,100
BEN00265,EMP00265,Erin Morales Family,Child,100
BEN00266,EMP00266,Matthew Collins Family,Child,100
BEN00267,EMP00267,Rebecca Lopez Family,Spouse,100
BEN00268,EMP00268,Kimberly Crane Family,Sibling,100
BEN00269,EMP00269,Julie Hendricks Family,Spouse,100
BEN00270,EMP00270,John Thomas Family,Child,100
BEN00271,EMP00271,Robert Andrews Family,Parent,100
BEN00272,EMP00272,Maria Lynch Family,Child,100
BEN00273,EMP00273,Kelly Ortega Family,Parent,100
BEN00274,EMP00274,Lori Ward Family,Spouse,100
BEN00275,EMP00275,Susan Hobbs Family,Spouse,100
BEN00276,EMP00276,David Atkins Family,Parent,100
BEN00277,EMP00277,Melissa Miller Family,Spouse,100
BEN00278,EMP00278,Kevin Dixon Family,Child,100
BEN00279,EMP00279,Daniel Craig Family,Child,100
BEN00280,EMP00280,Jeanne Gay Family,Spouse,100
BEN00281,EMP00281,Matthew Daugherty Family,Parent,100
BEN00282,EMP00282,Mark Burns Family,Child,100
BEN00283,EMP00283,Robert Lewis Family,Sibling,100
BEN00284,EMP00284,Ashley Gonzalez Family,Parent,100
BEN00285,EMP00285,April Lowe Family,Child,100
BEN00286,EMP00286,Jennifer Rivas Family,Spouse,100
BEN00287,EMP00287,Kayla Ali Family,Child,100
BEN00288,EMP00288,Michelle Adams Family,Child,100
BEN00289,EMP00289,Karen Greer Family,Spouse,100
BEN00290,EMP00290,Bradley Wilkinson Family,Parent,100
BEN00291,EMP00291,Janet Smith Family,Spouse,100
BEN00292,EMP00292,Jennifer Carter Family,Child,100
BEN00293,EMP00293,Todd Johnson Family,Spouse,100
BEN00294,EMP00294,Kenneth Jimenez Family,Sibling,100
BEN00295,EMP00295,Kimberly Barnes Family,Sibling,100
BEN00296,EMP00296,Sean Ruiz Family,Spouse,100
BEN00297,EMP00297,Timothy Calhoun Family,Spouse,100
BEN00298,EMP00298,Christine Montgomery Family,Child,100
BEN00299,EMP00299,Dr. Kristin Jacobs Family,Sibling,100
BEN00300,EMP00300,Crystal Chapman Family,Parent,100
BEN00301,EMP00301,William Green Family,Spouse,100
BEN00302,EMP00302,Karen Nelson Family,Parent,100
BEN00303,EMP00303,Brittney Hall Family,Parent,100
BEN00304,EMP00304,Edward Bush Family,Child,100
BEN00305,EMP00305,Ashley Jones Family,Spouse,100
BEN00306,EMP00306,Charles Bell Family,Child,100
BEN00307,EMP00307,Christian Morales Family,Child,100
BEN00308,EMP00308,Andrew Mack Family,Child,100
BEN00309,EMP00309,James Tran Family,Spouse,100
BEN00310,EMP00310,Curtis Martin Family,Child,100
BEN00311,EMP00311,Jennifer Jones Family,Sibling,100
BEN00312,EMP00312,Michael Saunders Family,Parent,100
BEN00313,EMP00313,Vincent Peters Family,Parent,100
BEN00314,EMP00314,Ashley Smith Family,Child,100
BEN00315,EMP00315,Scott Moore Family,Spouse,100
BEN00316,EMP00316,Virginia Pena Family,Child,100
BEN00317,EMP00317,Judy Medina Family,Spouse,100
BEN00318,EMP00318,Joseph Stephenson Family,Sibling,100
BEN00319,EMP00319,Thomas Davis Family,Spouse,100
BEN00320,EMP00320,William Adams Family,Spouse,100
BEN00321,EMP00321,Shannon Stephenson Family,Child,100
BEN00322,EMP00322,Ashley Collins Family,Parent,100
BEN00323,EMP00323,Pamela Jimenez Family,Sibling,100
BEN00324,EMP00324,Katherine Allen Family,Spouse,100
BEN00325,EMP00325,Jessica Williams Family,Sibling,100
BEN00326,EMP00326,Tracey Young Family,Sibling,100
BEN00327,EMP00327,Christopher Brown Family,Spouse,100
BEN00328,EMP00328,Michael Thompson Family,Spouse,100
BEN00329,EMP00329,Mr. Brian Flowers Family,Parent,100
BEN00330,EMP00330,Bradley Ortega Family,Spouse,100
BEN00331,EMP00331,Peter Bates Family,Parent,100
BEN00332,EMP00332,Robert Ball Family,Spouse,100
BEN00333,EMP00333,Gloria Cooper Family,Child,100
BEN00334,EMP00334,Jessica Estrada Family,Sibling,100
BEN00335,EMP00335,Jimmy Huff Family,Spouse,100
BEN00336,EMP00336,Scott Chung Family,Spouse,100
BEN00337,EMP00337,Troy Schmidt Family,Sibling,100
BEN00338,EMP00338,Donald Perez Family,Spouse,100
BEN00339,EMP00339,Luis Martin Family,Spouse,100
BEN00340,EMP00340,Michael Davis Family,Child,100
BEN00341,EMP00341,Jeffrey Solis Family,Sibling,100
BEN00342,EMP00342,April Powell Family,Spouse,100
BEN00343,EMP00343,Tammy Hayes Family,Child,100
BEN00344,EMP00344,Christian Bean Family,Spouse,100
BEN00345,EMP00345,Christopher Sanchez Family,Parent,100
BEN00346,EMP00346,Shelley Saunders Family,Sibling,100
BEN00347,EMP00347,Gail Jensen Family,Spouse,100
BEN00348,EMP00348,Nicole Adams Family,Child,100
BEN00349,EMP00349,Heather Mcguire Family,Spouse,100
BEN00350,EMP00350,Christian Gallagher Family,Parent,100
BEN00351,EMP00351,Mr. Richard Vaughn Family,Child,100
BEN00352,EMP00352,Jeffrey Graham Family,Child,100
BEN00353,EMP00353,Rachel Noble Family,Child,100
BEN00354,EMP00354,Arthur Rice Family,Parent,100
BEN00355,EMP00355,Dennis Werner Family,Spouse,100
BEN00356,EMP00356,Gregory Daniels Family,Sibling,100
BEN00357,EMP00357,Brian Patterson Family,Spouse,100
BEN00358,EMP00358,Brandi Brewer Family,Parent,100
BEN00359,EMP00359,Cory Reid Family,Parent,100
BEN00360,EMP00360,Zachary Ryan MD Family,Child,100
BEN00361,EMP00361,Luis Brown Family,Parent,100
BEN00362,EMP00362,Luis Woods Family,Spouse,100
BEN00363,EMP00363,Grace Pierce Family,Sibling,100
BEN00364,EMP00364,Gregory Norman Family,Parent,100
BEN00365,EMP00365,Lindsey Peck Family,Sibling,100
BEN00366,EMP00366,Logan Mckee Family,Spouse,100
BEN00367,EMP00367,Vickie Mclaughlin Family,Spouse,100
BEN00368,EMP00368,William Evans Family,Sibling,100
BEN00369,EMP00369,Melanie Johnson Family,Spouse,100
BEN00370,EMP00370,Michael Stevens Family,Sibling,100
BEN00371,EMP00371,Sarah Lambert Family,Spouse,100
BEN00372,EMP00372,Brett Diaz DVM Family,Parent,100
BEN00373,EMP00373,Courtney Johnston Family,Child,100
BEN00374,EMP00374,Benjamin Taylor Family,Sibling,100
BEN00375,EMP00375,Shelly Smith Family,Spouse,100
BEN00376,EMP00376,John Moore Family,Parent,100
BEN00377,EMP00377,Ronald Smith Family,Spouse,100
BEN00378,EMP00378,Wanda Neal Family,Parent,100
BEN00379,EMP00379,Michelle Holder DDS Family,Parent,100
BEN00380,EMP00380,Sean Chapman Family,Child,100
BEN00381,EMP00381,Karen Brennan Family,Parent,100
BEN00382,EMP00382,Michael Valenzuela Family,Sibling,100
BEN00383,EMP00383,Jeremy Benson Family,Parent,100
BEN00384,EMP00384,Jay Martinez Family,Sibling,100
BEN00385,EMP00385,Joseph Bond PhD Family,Child,100
BEN00386,EMP00386,Christine Best Family,Sibling,100
BEN00387,EMP00387,Ms. Stacey Maynard DVM Family,Spouse,100
BEN00388,EMP00388,Richard Escobar Family,Parent,100
BEN00389,EMP00389,Frank Harrison Family,Child,100
BEN00390,EMP00390,Douglas Smith Family,Spouse,100
BEN00391,EMP00391,Diane Scott Family,Child,100
BEN00392,EMP00392,Anthony Gonzales Family,Child,100
BEN00393,EMP00393,Donald Cox Family,Child,100
BEN00394,EMP00394,Sheryl Chase Family,Sibling,100
BEN00395,EMP00395,Dennis Smith Family,Child,100
BEN00396,EMP00396,Stephen Johnson Family,Sibling,100
BEN00397,EMP00397,Melissa Parker Family,Child,100
BEN00398,EMP00398,Robert Chavez Family,Parent,100
BEN00399,EMP00399,Emma Travis Family,Parent,100
BEN00400,EMP00400,Ashley Jackson Family,Parent,100
BEN00401,EMP00401,Heather Bailey Family,Sibling,100
BEN00402,EMP00402,Alexandra Whitaker Family,Parent,100
BEN00403,EMP00403,David Pruitt Family,Spouse,100
BEN00404,EMP00404,Linda Miller Family,Spouse,100
BEN00405,EMP00405,Theresa Meyer Family,Sibling,100
BEN00406,EMP00406,Marcus Brock Family,Spouse,100
BEN00407,EMP00407,Darrell Sims Family,Child,100
BEN00408,EMP00408,Christopher Riddle Family,Sibling,100
BEN00409,EMP00409,Dr. Antonio Thompson Family,Child,100
BEN00410,EMP00410,Crystal Wells Family,Sibling,100
BEN00411,EMP00411,Jennifer Ramos Family,Sibling,100
BEN00412,EMP00412,Christopher Conley DDS Family,Spouse,100
BEN00413,EMP00413,Jennifer Benitez Family,Child,100
BEN00414,EMP00414,Steven Lawson Family,Child,100
BEN00415,EMP00415,Amy Bishop Family,Spouse,100
BEN00416,EMP00416,Roy Brown Family,Child,100
BEN00417,EMP00417,Emily Johnson Family,Child,100
BEN00418,EMP00418,Sherry Williams Family,Sibling,100
BEN00419,EMP00419,Lindsey Robinson Family,Parent,100
BEN00420,EMP00420,Sonya Miller Family,Spouse,100
BEN00421,EMP00421,Timothy Thomas Family,Child,100
BEN00422,EMP00422,Patrick Martinez Family,Spouse,100
BEN00423,EMP00423,David Russo Family,Parent,100
BEN00424,EMP00424,James Warren Family,Spouse,100
BEN00425,EMP00425,Christy Solis Family,Parent,100
BEN00426,EMP00426,Heather Ray Family,Sibling,100
BEN00427,EMP00427,Yvette Parsons Family,Parent,100
BEN00428,EMP00428,David Russell Family,Sibling,100
BEN00429,EMP00429,David Singh Family,Sibling,100
BEN00430,EMP00430,Marvin Lewis Family,Spouse,100
BEN00431,EMP00431,Evan May Family,Child,100
BEN00432,EMP00432,Benjamin Rios Family,Child,100
BEN00433,EMP00433,Jennifer Thornton Family,Spouse,100
BEN00434,EMP00434,Kaylee Short Family,Spouse,100
BEN00435,EMP00435,Karen Owens Family,Spouse,100
BEN00436,EMP00436,Olivia Ferguson Family,Parent,100
BEN00437,EMP00437,Lisa Harris Family,Spouse,100
BEN00438,EMP00438,Candace Davis Family,Sibling,100
BEN00439,EMP00439,Jesse Anderson Family,Spouse,100
BEN00440,EMP00440,Natalie Robinson Family,Sibling,100
BEN00441,EMP00441,Carol Smith Family,Parent,100
BEN00442,EMP00442,Steven Rodriguez Family,Sibling,100
BEN00443,EMP00443,Karen Shields Family,Parent,100
BEN00444,EMP00444,Cody Giles Family,Sibling,100
BEN00445,EMP00445,Kyle Ruiz Family,Parent,100
BEN00446,EMP00446,Latasha Wolfe Family,Sibling,100
BEN00447,EMP00447,Jeffrey Adkins Family,Sibling,100
BEN00448,EMP00448,Melissa Perez Family,Child,100
BEN00449,EMP00449,Patrick Anderson Family,Parent,100
BEN00450,EMP00450,Brooke Maynard Family,Spouse,100
BEN00451,EMP00451,Kristina Peck Family,Sibling,100
BEN00452,EMP00452,Kevin Nichols Family,Sibling,100
BEN00453,EMP00453,Albert Sexton Family,Child,100
BEN00454,EMP00454,Christopher Pearson Family,Spouse,100
BEN00455,EMP00455,Donald Garrett Family,Parent,100
BEN00456,EMP00456,Jennifer Ross Family,Sibling,100
BEN00457,EMP00457,Daniel Hobbs Family,Spouse,100
BEN00458,EMP00458,Kimberly Barnett Family,Sibling,100
BEN00459,EMP00459,Samuel Young Family,Parent,100
BEN00460,EMP00460,Sierra Miller Family,Parent,100
BEN00461,EMP00461,Scott Jacobson Family,Spouse,100
BEN00462,EMP00462,Natasha Hall Family,Parent,100
BEN00463,EMP00463,Jason Rogers Family,Parent,100
BEN00464,EMP00464,Madison Baker Family,Sibling,100
BEN00465,EMP00465,James Parker Family,Sibling,100
BEN00466,EMP00466,John Campos Family,Parent,100
BEN00467,EMP00467,John Butler Family,Parent,100
BEN00468,EMP00468,Nicholas Taylor Family,Parent,100
BEN00469,EMP00469,Michael Scott Family,Child,100
BEN00470,EMP00470,Brendan Carroll Family,Parent,100
BEN00471,EMP00471,Mariah Vazquez Family,Child,100
BEN00472,EMP00472,Richard Silva Family,Spouse,100
BEN00473,EMP00473,Nicole Jennings Family,Spouse,100
BEN00474,EMP00474,Joann Gregory Family,Child,100
BEN00475,EMP00475,Christy Dawson Family,Spouse,100
BEN00476,EMP00476,Elizabeth Morse Family,Child,100
BEN00477,EMP00477,Cody Hall Family,Parent,100
BEN00478,EMP00478,James Espinoza Family,Parent,100
BEN00479,EMP00479,Jamie Hoffman Family,Sibling,100
BEN00480,EMP00480,April Bradford Family,Spouse,100
BEN00481,EMP00481,Kathy Wilkins Family,Parent,100
BEN00482,EMP00482,Marvin Gonzalez Family,Sibling,100
BEN00483,EMP00483,Andrea Coleman Family,Child,100
BEN00484,EMP00484,Michael Torres Family,Parent,100
BEN00485,EMP00485,Spencer Smith Family,Child,100
BEN00486,EMP00486,Lori Mcgee Family,Sibling,100
BEN00487,EMP00487,Sherry Carter PhD Family,Child,100
BEN00488,EMP00488,Sara Jones Family,Child,100
BEN00489,EMP00489,Michael Brown Family,Spouse,100
BEN00490,EMP00490,Sabrina Zimmerman Family,Spouse,100
BEN00491,EMP00491,Kathryn Fields Family,Spouse,100
BEN00492,EMP00492,Cynthia Fischer Family,Spouse,100
BEN00493,EMP00493,Jacob Roberts Family,Spouse,100
BEN00494,EMP00494,Taylor Gutierrez Family,Child,100
BEN00495,EMP00495,Vincent Mccoy Family,Parent,100
BEN00496,EMP00496,Matthew Maldonado Family,Parent,100
BEN00497,EMP00497,Victor Briggs Family,Spouse,100
BEN00498,EMP00498,Stacey Wagner Family,Child,100
BEN00499,EMP00499,Philip Larson Family,Spouse,100
BEN00500,EMP00500,Christina Garrett Family,Parent,100
BEN00501,EMP00501,Mary Owens Family,Sibling,100
BEN00502,EMP00502,James Mcmahon Family,Sibling,100
BEN00503,EMP00503,Frederick Jordan Family,Child,100
BEN00504,EMP00504,Kristen Smith Family,Sibling,100
BEN00505,EMP00505,Dustin Reynolds Family,Spouse,100
BEN00506,EMP00506,Troy Velazquez Family,Parent,100
BEN00507,EMP00507,Kent Rocha Family,Parent,100
BEN00508,EMP00508,Ashley Price Family,Child,100
BEN00509,EMP00509,Michael Smith Family,Child,100
BEN00510,EMP00510,Diane Contreras Family,Sibling,100
BEN00511,EMP00511,Lauren Hale Family,Child,100
BEN00512,EMP00512,Eric Ferguson Family,Parent,100
BEN00513,EMP00513,Amber Stevens Family,Spouse,100
BEN00514,EMP00514,Benjamin Eaton Family,Spouse,100
BEN00515,EMP00515,Matthew Morgan Family,Sibling,100
BEN00516,EMP00516,Matthew Smith Family,Spouse,100
BEN00517,EMP00517,Carol Montgomery Family,Spouse,100
BEN00518,EMP00518,Adrian Jackson Family,Spouse,100
BEN00519,EMP00519,Charles Brown Family,Sibling,100
BEN00520,EMP00520,Emily Hill Family,Parent,100
BEN00521,EMP00521,Mary Scott Family,Child,100
BEN00522,EMP00522,Hannah Young Family,Parent,100
BEN00523,EMP00523,Joseph Brown Family,Sibling,100
BEN00524,EMP00524,Peggy Anderson Family,Spouse,100
BEN00525,EMP00525,Philip Williams Family,Sibling,100
BEN00526,EMP00526,Sarah Daniels Family,Child,100
BEN00527,EMP00527,April Parker Family,Child,100
BEN00528,EMP00528,Bridget Mckenzie Family,Parent,100
BEN00529,EMP00529,John Aguilar Family,Parent,100
BEN00530,EMP00530,Belinda Ellis Family,Sibling,100
BEN00531,EMP00531,Paul Holloway Family,Parent,100
BEN00532,EMP00532,Ryan Bailey Family,Parent,100
BEN00533,EMP00533,Joseph Smith Family,Sibling,100
BEN00534,EMP00534,John Campos Family,Child,100
BEN00535,EMP00535,Christopher Diaz Family,Child,100
BEN00536,EMP00536,Sarah Aguilar Family,Child,100
BEN00537,EMP00537,Paul Lee Family,Child,100
BEN00538,EMP00538,Michelle Fleming Family,Parent,100
BEN00539,EMP00539,Ryan Ryan Family,Parent,100
BEN00540,EMP00540,Stephen Jackson Family,Spouse,100
BEN00541,EMP00541,William Bradley Family,Sibling,100
BEN00542,EMP00542,Kevin Williams Family,Spouse,100
BEN00543,EMP00543,Robert Bennett Family,Parent,100
BEN00544,EMP00544,Melissa Williams Family,Spouse,100
BEN00545,EMP00545,Cathy Lloyd Family,Spouse,100
BEN00546,EMP00546,David Wolfe Family,Child,100
BEN00547,EMP00547,Kyle Wilson Family,Sibling,100
BEN00548,EMP00548,Barbara Pierce Family,Child,100
BEN00549,EMP00549,Ebony Williams Family,Spouse,100
BEN00550,EMP00550,Melissa Murray Family,Parent,100
BEN00551,EMP00551,Juan Mckee Family,Spouse,100
BEN00552,EMP00552,Joshua Compton Family,Parent,100
BEN00553,EMP00553,Warren Walker Family,Spouse,100
BEN00554,EMP00554,Jack West Family,Spouse,100
BEN00555,EMP00555,Kendra Fernandez Family,Sibling,100
BEN00556,EMP00556,Laura Bell Family,Sibling,100
BEN00557,EMP00557,Patricia Washington Family,Parent,100
BEN00558,EMP00558,Lisa Davis Family,Sibling,100
BEN00559,EMP00559,Matthew Dawson Family,Child,100
BEN00560,EMP00560,Katelyn Barnes Family,Sibling,100
BEN00561,EMP00561,Bradley Ross Family,Child,100
BEN00562,EMP00562,Shaun Hendrix Family,Parent,100
BEN00563,EMP00563,Joseph Haynes Family,Spouse,100
BEN00564,EMP00564,Peter Smith Family,Child,100
BEN00565,EMP00565,Gail Lee Family,Child,100
BEN00566,EMP00566,Manuel Porter Family,Child,100
BEN00567,EMP00567,Alexander Mendoza Family,Child,100
BEN00568,EMP00568,John Walker Family,Child,100
BEN00569,EMP00569,Mrs. Jamie Smith Family,Sibling,100
BEN00570,EMP00570,Stacey Holland Family,Parent,100
BEN00571,EMP00571,Ashley Hester Family,Sibling,100
BEN00572,EMP00572,Larry Moore Family,Parent,100
BEN00573,EMP00573,Monica Nguyen Family,Parent,100
BEN00574,EMP00574,James Clayton Family,Parent,100
BEN00575,EMP00575,Judith Foster Family,Sibling,100
BEN00576,EMP00576,Natasha Nelson Family,Sibling,100
BEN00577,EMP00577,Kathleen Martinez Family,Sibling,100
BEN00578,EMP00578,Randall Atkinson Family,Child,100
BEN00579,EMP00579,Kristi Harris Family,Child,100
BEN00580,EMP00580,Ryan Thornton Family,Parent,100
BEN00581,EMP00581,Jacob Allen Family,Sibling,100
BEN00582,EMP00582,Kimberly Brooks Family,Child,100
BEN00583,EMP00583,David Vega Family,Parent,100
BEN00584,EMP00584,Melanie Walsh Family,Sibling,100
BEN00585,EMP00585,Brianna Harris Family,Spouse,100
BEN00586,EMP00586,Jenna Garcia Family,Sibling,100
BEN00587,EMP00587,Russell Page Family,Child,100
BEN00588,EMP00588,Nicole Garcia Family,Parent,100
BEN00589,EMP00589,Thomas Cantu Family,Sibling,100
BEN00590,EMP00590,Eugene Foster Family,Parent,100
BEN00591,EMP00591,Brandon Erickson Family,Parent,100
BEN00592,EMP00592,Javier Hall DDS Family,Parent,100
BEN00593,EMP00593,Aaron Cross Family,Spouse,100
BEN00594,EMP00594,Jennifer Smith Family,Spouse,100
BEN00595,EMP00595,Kenneth Lopez Family,Parent,100
BEN00596,EMP00596,Jonathan Bridges Family,Spouse,100
BEN00597,EMP00597,Maurice Rodriguez Family,Child,100
BEN00598,EMP00598,Stephanie Davidson Family,Spouse,100
BEN00599,EMP00599,Patricia Hall Family,Sibling,100
BEN00600,EMP00600,Charles Wilson Family,Sibling,100
BEN00601,EMP00601,Carol Hernandez Family,Child,100
BEN00602,EMP00602,Courtney Cortez Family,Sibling,100
BEN00603,EMP00603,Cynthia Vaughn Family,Child,100
BEN00604,EMP00604,Sheri Torres Family,Child,100
BEN00605,EMP00605,Earl Russell Family,Parent,100
BEN00606,EMP00606,Sara Bennett Family,Parent,100
BEN00607,EMP00607,Megan Miller Family,Sibling,100
BEN00608,EMP00608,Bryan Mcknight Family,Parent,100
BEN00609,EMP00609,Eric Moore Family,Sibling,100
BEN00610,EMP00610,Justin Russell Family,Spouse,100
BEN00611,EMP00611,John Figueroa Family,Sibling,100
BEN00612,EMP00612,Joseph Reed Family,Child,100
BEN00613,EMP00613,Amber Hutchinson Family,Child,100
BEN00614,EMP00614,Philip Roberts Family,Spouse,100
BEN00615,EMP00615,Martin Orozco Family,Child,100
BEN00616,EMP00616,Andrew Finley Family,Child,100
BEN00617,EMP00617,Travis Sweeney Family,Parent,100
BEN00618,EMP00618,Anna Edwards Family,Child,100
BEN00619,EMP00619,Stacy Martin Family,Spouse,100
BEN00620,EMP00620,Patricia Smith Family,Parent,100
BEN00621,EMP00621,Eric Walker Family,Spouse,100
BEN00622,EMP00622,Oscar King Family,Spouse,100
BEN00623,EMP00623,James Torres Family,Spouse,100
BEN00624,EMP00624,Yvonne Jensen Family,Child,100
BEN00625,EMP00625,Robert Jackson Family,Sibling,100
BEN00626,EMP00626,Lori Hernandez Family,Child,100
BEN00627,EMP00627,Steven Wilson Family,Spouse,100
BEN00628,EMP00628,James Graham Family,Sibling,100
BEN00629,EMP00629,John Mack Family,Spouse,100
BEN00630,EMP00630,Brandy Pena Family,Parent,100
BEN00631,EMP00631,Debra Warren Family,Parent,100
BEN00632,EMP00632,Cynthia Schaefer Family,Parent,100
BEN00633,EMP00633,Brittney Jenkins Family,Child,100
BEN00634,EMP00634,Barbara Winters Family,Parent,100
BEN00635,EMP00635,Meghan Lewis Family,Sibling,100
BEN00636,EMP00636,Danny Walsh Family,Child,100
BEN00637,EMP00637,Miss Andrea Carter Family,Spouse,100
BEN00638,EMP00638,Tanya Kennedy Family,Child,100
BEN00639,EMP00639,Michelle Burke Family,Sibling,100
BEN00640,EMP00640,Jacob Alvarado Family,Child,100
BEN00641,EMP00641,Martha Smith Family,Spouse,100
BEN00642,EMP00642,David Howe Family,Parent,100
BEN00643,EMP00643,Anthony Hayden Family,Child,100
BEN00644,EMP00644,Joseph Gomez Family,Sibling,100
BEN00645,EMP00645,Sabrina Bryant Family,Child,100
BEN00646,EMP00646,Jerry Russell Family,Child,100
BEN00647,EMP00647,Amanda Mason Family,Spouse,100
BEN00648,EMP00648,Charles Farmer Family,Child,100
BEN00649,EMP00649,Shari Johnson Family,Parent,100
BEN00650,EMP00650,Wendy Smith Family,Spouse,100
BEN00651,EMP00651,Jeffrey Smith Family,Sibling,100
BEN00652,EMP00652,Catherine Kim Family,Child,100
BEN00653,EMP00653,Rebecca Mora Family,Child,100
BEN00654,EMP00654,Brianna Coleman Family,Child,100
BEN00655,EMP00655,Wayne Rogers Family,Child,100
BEN00656,EMP00656,Linda Calderon Family,Sibling,100
BEN00657,EMP00657,Christine Jones Family,Spouse,100
BEN00658,EMP00658,Nathaniel Wagner Family,Parent,100
BEN00659,EMP00659,Christine Taylor Family,Parent,100
BEN00660,EMP00660,Brett Nichols Family,Sibling,100
BEN00661,EMP00661,Margaret Torres Family,Parent,100
BEN00662,EMP00662,Alexis Alexander Family,Sibling,100
BEN00663,EMP00663,Kelly Johnson Family,Parent,100
BEN00664,EMP00664,Steven Reid Family,Spouse,100
BEN00665,EMP00665,Timothy Choi Family,Parent,100
BEN00666,EMP00666,Brandon Hudson Family,Parent,100
BEN00667,EMP00667,Patricia Pierce Family,Sibling,100
BEN00668,EMP00668,Jeffrey Lynch Family,Parent,100
BEN00669,EMP00669,Timothy Rodriguez Family,Spouse,100
BEN00670,EMP00670,Greg Harris Family,Sibling,100
BEN00671,EMP00671,Abigail Owen Family,Child,100
BEN00672,EMP00672,Katherine Wright Family,Child,100
BEN00673,EMP00673,Christina Love Family,Parent,100
BEN00674,EMP00674,Brenda Watkins Family,Parent,100
BEN00675,EMP00675,Lindsay Mercado Family,Sibling,100
BEN00676,EMP00676,Dylan Oconnor Family,Child,100
BEN00677,EMP00677,Jason Stevens Family,Spouse,100
BEN00678,EMP00678,Shawn Ryan Family,Child,100
BEN00679,EMP00679,Ronald Pruitt Family,Spouse,100
BEN00680,EMP00680,Roy Adams Family,Sibling,100
BEN00681,EMP00681,Joyce Rivera Family,Parent,100
BEN00682,EMP00682,Emily Buckley DDS Family,Parent,100
BEN00683,EMP00683,Larry Carrillo Family,Parent,100
BEN00684,EMP00684,Chelsea Sosa Family,Spouse,100
BEN00685,EMP00685,Samantha Williams Family,Child,100
BEN00686,EMP00686,Danielle Davis Family,Parent,100
BEN00687,EMP00687,Edward Hernandez Family,Child,100
BEN00688,EMP00688,Michael Conway Family,Child,100
BEN00689,EMP00689,Emily Maxwell Family,Sibling,100
BEN00690,EMP00690,Shannon Oliver Family,Parent,100
BEN00691,EMP00691,Diane Cox Family,Child,100
BEN00692,EMP00692,Nicholas Knapp Family,Sibling,100
BEN00693,EMP00693,Andrew Sandoval Family,Sibling,100
BEN00694,EMP00694,Cathy Wang Family,Spouse,100
BEN00695,EMP00695,Mason Tapia Family,Spouse,100
BEN00696,EMP00696,Jessica Jenkins Family,Spouse,100
BEN00697,EMP00697,Austin Nunez Family,Parent,100
BEN00698,EMP00698,Emily Thomas Family,Sibling,100
BEN00699,EMP00699,Dr. Dustin Hahn Family,Parent,100
BEN00700,EMP00700,Lee Clay Family,Spouse,100
BEN00701,EMP00701,Ronald Jackson Family,Spouse,100
BEN00702,EMP00702,Dana Newman Family,Sibling,100
BEN00703,EMP00703,Mrs. April Hill MD Family,Child,100
BEN00704,EMP00704,Jennifer Lopez Family,Child,100
BEN00705,EMP00705,Stephen May Family,Child,100
BEN00706,EMP00706,Gina Hoffman Family,Parent,100
BEN00707,EMP00707,Leonard Sullivan Family,Parent,100
BEN00708,EMP00708,Alicia Nguyen Family,Sibling,100
BEN00709,EMP00709,Shelby Bell Family,Parent,100
BEN00710,EMP00710,Ashley Shah Family,Sibling,100
BEN00711,EMP00711,Kevin Peterson Family,Parent,100
BEN00712,EMP00712,Alexander Roth Family,Sibling,100
BEN00713,EMP00713,Julie Wright Family,Child,100
BEN00714,EMP00714,Marcus Johnson Family,Spouse,100
BEN00715,EMP00715,Kelly Bell Family,Sibling,100
BEN00716,EMP00716,Mary Williamson Family,Spouse,100
BEN00717,EMP00717,Marco Jones Family,Parent,100
BEN00718,EMP00718,Christopher Martinez Family,Parent,100
BEN00719,EMP00719,Tyler Johnson Family,Sibling,100
BEN00720,EMP00720,David Nelson Family,Sibling,100
BEN00721,EMP00721,Dr. Adrian Gutierrez Family,Sibling,100
BEN00722,EMP00722,Daniel Gomez Family,Spouse,100
BEN00723,EMP00723,April Meyer Family,Child,100
BEN00724,EMP00724,Joyce Hansen Family,Parent,100
BEN00725,EMP00725,Mark Reyes Family,Parent,100
BEN00726,EMP00726,Justin Hernandez Family,Child,100
BEN00727,EMP00727,Chase Lee Family,Sibling,100
BEN00728,EMP00728,Justin Rojas Family,Child,100
BEN00729,EMP00729,Sheila Hansen Family,Child,100
BEN00730,EMP00730,Paul Strickland Family,Spouse,100
BEN00731,EMP00731,Holly Conway Family,Spouse,100
BEN00732,EMP00732,Latoya Smith Family,Parent,100
BEN00733,EMP00733,Robert Mckinney Family,Spouse,100
BEN00734,EMP00734,Robert Terry Family,Sibling,100
BEN00735,EMP00735,Jason Jordan Family,Spouse,100
BEN00736,EMP00736,Stacey Mcguire Family,Parent,100
BEN00737,EMP00737,Michael Daniels Family,Child,100
BEN00738,EMP00738,Erin Pacheco Family,Sibling,100
BEN00739,EMP00739,David Griffin Family,Parent,100
BEN00740,EMP00740,Michael Morris Family,Spouse,100
BEN00741,EMP00741,David Perkins Family,Child,100
BEN00742,EMP00742,Sandra Barr Family,Child,100
BEN00743,EMP00743,Kathleen Brock Family,Sibling,100
BEN00744,EMP00744,Louis Mayer Family,Sibling,100
BEN00745,EMP00745,Tammy Thompson Family,Parent,100
BEN00746,EMP00746,Kenneth Bautista Family,Sibling,100
BEN00747,EMP00747,Christopher Webb Family,Parent,100
BEN00748,EMP00748,Ronald Wolf Family,Sibling,100
BEN00749,EMP00749,Zachary Meyer Family,Parent,100
BEN00750,EMP00750,Edward Riley Family,Spouse,100
BEN00751,EMP00751,Kristin Park Family,Child,100
BEN00752,EMP00752,Alexandra Brooks Family,Sibling,100
BEN00753,EMP00753,Kelly Lam Family,Child,100
BEN00754,EMP00754,Patricia Lee Family,Parent,100
BEN00755,EMP00755,Luis Koch Family,Sibling,100
BEN00756,EMP00756,Nathan Curtis Family,Sibling,100
BEN00757,EMP00757,Alicia Cooper Family,Parent,100
BEN00758,EMP00758,Eric Wood Family,Sibling,100
BEN00759,EMP00759,Brad Kelley Family,Sibling,100
BEN00760,EMP00760,Sergio Walters Family,Parent,100
BEN00761,EMP00761,Savannah Russell Family,Spouse,100
BEN00762,EMP00762,Katie Howard Family,Sibling,100
BEN00763,EMP00763,Colleen Flynn Family,Parent,100
BEN00764,EMP00764,Karen Villarreal Family,Child,100
BEN00765,EMP00765,Erika Mejia Family,Sibling,100
BEN00766,EMP00766,Matthew Martin Family,Sibling,100
BEN00767,EMP00767,Joseph Martin Family,Child,100
BEN00768,EMP00768,Dana Miller Family,Parent,100
BEN00769,EMP00769,Gregory Campos Family,Sibling,100
BEN00770,EMP00770,Adam Aguirre Family,Sibling,100
BEN00771,EMP00771,Jeremy Alexander Family,Child,100
BEN00772,EMP00772,Patrick Casey Family,Spouse,100
BEN00773,EMP00773,Patrick Kaufman Family,Spouse,100
BEN00774,EMP00774,Carol Wallace Family,Child,100
BEN00775,EMP00775,Dakota Miller Family,Sibling,100
BEN00776,EMP00776,Kelli Castillo Family,Spouse,100
BEN00777,EMP00777,Cynthia Holmes Family,Parent,100
BEN00778,EMP00778,Christina Clarke Family,Spouse,100
BEN00779,EMP00779,Melissa Thompson Family,Sibling,100
BEN00780,EMP00780,Angela Ray Family,Spouse,100
BEN00781,EMP00781,Cynthia Burns Family,Parent,100
BEN00782,EMP00782,Monica Rodriguez Family,Parent,100
BEN00783,EMP00783,Alexis Simmons Family,Parent,100
BEN00784,EMP00784,Richard Nelson Family,Parent,100
BEN00785,EMP00785,Melissa Sloan Family,Spouse,100
BEN00786,EMP00786,Katrina Miller Family,Sibling,100
BEN00787,EMP00787,Jessica Willis Family,Child,100
BEN00788,EMP00788,Jimmy Leach Family,Parent,100
BEN00789,EMP00789,Mackenzie Castillo Family,Parent,100
BEN00790,EMP00790,Joshua Allen Family,Child,100
BEN00791,EMP00791,Brian Foster Family,Spouse,100
BEN00792,EMP00792,Dennis Clarke Family,Parent,100
BEN00793,EMP00793,Timothy Humphrey Family,Spouse,100
BEN00794,EMP00794,Alec Hoffman Family,Sibling,100
BEN00795,EMP00795,Debbie Johnson Family,Sibling,100
BEN00796,EMP00796,Dennis Watkins Family,Spouse,100
BEN00797,EMP00797,Karen Smith Family,Sibling,100
BEN00798,EMP00798,Alexis Martinez Family,Sibling,100
BEN00799,EMP00799,Holly Richmond Family,Spouse,100
BEN00800,EMP00800,Jacob Garcia Family,Parent,100
BEN00801,EMP00801,Jorge Thomas Family,Child,100
BEN00802,EMP00802,Jason Goodman Family,Sibling,100
BEN00803,EMP00803,Lisa Mendez Family,Child,100
BEN00804,EMP00804,Richard Moran Family,Spouse,100
BEN00805,EMP00805,Brandi Bautista Family,Sibling,100
BEN00806,EMP00806,Kimberly Norton Family,Spouse,100
BEN00807,EMP00807,Ann Frost Family,Sibling,100
BEN00808,EMP00808,Todd Barnett Family,Sibling,100
BEN00809,EMP00809,Tracey Collier Family,Parent,100
BEN00810,EMP00810,Daniel Rodriguez Family,Child,100
BEN00811,EMP00811,Stacey Armstrong Family,Sibling,100
BEN00812,EMP00812,Susan Miller Family,Parent,100
BEN00813,EMP00813,Luke Erickson Family,Spouse,100
BEN00814,EMP00814,Haley Moon Family,Sibling,100
BEN00815,EMP00815,William Norman Family,Parent,100
BEN00816,EMP00816,Christopher Ramos Family,Sibling,100
BEN00817,EMP00817,Tracy Mendoza Family,Spouse,100
BEN00818,EMP00818,Jeffrey Osborne Family,Spouse,100
BEN00819,EMP00819,Nathaniel Goodwin Family,Spouse,100
BEN00820,EMP00820,Alicia Mcdowell Family,Child,100
BEN00821,EMP00821,Michael Walker Family,Parent,100
BEN00822,EMP00822,Maria Gaines Family,Sibling,100
BEN00823,EMP00823,Angela Curry Family,Spouse,100
BEN00824,EMP00824,Antonio Mejia Family,Spouse,100
BEN00825,EMP00825,Andrew Roy Family,Sibling,100
BEN00826,EMP00826,Randall Little Family,Spouse,100
BEN00827,EMP00827,Matthew Wang Family,Spouse,100
BEN00828,EMP00828,Jason Davis Family,Sibling,100
BEN00829,EMP00829,Catherine Campbell Family,Spouse,100
BEN00830,EMP00830,Erik Torres Family,Sibling,100
BEN00831,EMP00831,Joshua Wilson Family,Parent,100
BEN00832,EMP00832,Stephen Beasley Family,Sibling,100
BEN00833,EMP00833,Laura Stanton Family,Child,100
BEN00834,EMP00834,Kevin Bennett Family,Parent,100
BEN00835,EMP00835,Tony Zuniga Family,Parent,100
BEN00836,EMP00836,Kevin Shah Family,Child,100
BEN00837,EMP00837,Emily Phillips Family,Spouse,100
BEN00838,EMP00838,Cesar Stein Family,Sibling,100
BEN00839,EMP00839,Lisa Stokes Family,Spouse,100
BEN00840,EMP00840,Austin Henry Family,Sibling,100
BEN00841,EMP00841,Mrs. Katherine Robertson Family,Spouse,100
BEN00842,EMP00842,Robert Perez Family,Parent,100
BEN00843,EMP00843,Nicholas Smith Family,Sibling,100
BEN00844,EMP00844,Seth Novak Family,Parent,100
BEN00845,EMP00845,Troy Velez Family,Parent,100
BEN00846,EMP00846,Cathy Ford Family,Spouse,100
BEN00847,EMP00847,James Villa Family,Sibling,100
BEN00848,EMP00848,Lance Burke Family,Sibling,100
BEN00849,EMP00849,Ashley Cherry Family,Child,100
BEN00850,EMP00850,Eric Robbins Family,Child,100
BEN00851,EMP00851,Dawn Rogers Family,Parent,100
BEN00852,EMP00852,Tara Wagner Family,Child,100
BEN00853,EMP00853,Nancy Burns Family,Parent,100
BEN00854,EMP00854,Lawrence Willis Family,Child,100
BEN00855,EMP00855,Richard Flores Family,Spouse,100
BEN00856,EMP00856,Andrew Acosta Family,Spouse,100
BEN00857,EMP00857,Ashley Smith Family,Parent,100
BEN00858,EMP00858,James Montoya Family,Child,100
BEN00859,EMP00859,James Clark Family,Sibling,100
BEN00860,EMP00860,Jesus Hall Family,Spouse,100
BEN00861,EMP00861,Andrea Ball Family,Sibling,100
BEN00862,EMP00862,Heather White Family,Spouse,100
BEN00863,EMP00863,Jeremy Gamble Family,Spouse,100
BEN00864,EMP00864,Michael Barry Family,Spouse,100
BEN00865,EMP00865,Steve Chavez Family,Spouse,100
BEN00866,EMP00866,Terry Harris Family,Parent,100
BEN00867,EMP00867,Scott Good Family,Parent,100
BEN00868,EMP00868,Edward Cook Family,Spouse,100
BEN00869,EMP00869,William Hahn Family,Sibling,100
BEN00870,EMP00870,Joseph Clements Family,Spouse,100
BEN00871,EMP00871,Phillip Lowe Family,Child,100
BEN00872,EMP00872,David Thomas Family,Sibling,100
BEN00873,EMP00873,Gina Henry Family,Parent,100
BEN00874,EMP00874,Gary Bartlett Family,Spouse,100
BEN00875,EMP00875,Harry Jordan Family,Spouse,100
BEN00876,EMP00876,Robert Bell Family,Parent,100
BEN00877,EMP00877,Meghan Gould Family,Sibling,100
BEN00878,EMP00878,Craig Roberts Family,Spouse,100
BEN00879,EMP00879,Brandy Thomas Family,Spouse,100
BEN00880,EMP00880,Cristina Perez Family,Parent,100
BEN00881,EMP00881,Stephen Escobar Family,Parent,100
BEN00882,EMP00882,James Rogers Family,Child,100
BEN00883,EMP00883,Timothy Hall Family,Child,100
BEN00884,EMP00884,Christopher Hill Family,Spouse,100
BEN00885,EMP00885,Darius Petty Family,Parent,100
BEN00886,EMP00886,Patty Vang Family,Spouse,100
BEN00887,EMP00887,Thomas Rosario Family,Parent,100
BEN00888,EMP00888,Adam Zamora Family,Child,100
BEN00889,EMP00889,Andrea Williams Family,Parent,100
BEN00890,EMP00890,Peter Morgan Family,Child,100
BEN00891,EMP00891,Ronald Sims Family,Parent,100
BEN00892,EMP00892,Samantha Walls Family,Sibling,100
BEN00893,EMP00893,Wayne Ward Family,Child,100
BEN00894,EMP00894,David Gonzalez Family,Child,100
BEN00895,EMP00895,John Hodges Family,Spouse,100
BEN00896,EMP00896,Dustin Smith Family,Spouse,100
BEN00897,EMP00897,Kathy Romero Family,Parent,100
BEN00898,EMP00898,Peter Newton Family,Spouse,100
BEN00899,EMP00899,Stephanie Woodard Family,Parent,100
BEN00900,EMP00900,Melissa Perry Family,Child,100
BEN00901,EMP00901,Lori Morgan Family,Parent,100
BEN00902,EMP00902,Mary King Family,Sibling,100
BEN00903,EMP00903,Mrs. Wendy Stewart Family,Spouse,100
BEN00904,EMP00904,John Johnson Family,Spouse,100
BEN00905,EMP00905,Mark Hawkins Family,Child,100
BEN00906,EMP00906,Annette Jordan Family,Spouse,100
BEN00907,EMP00907,Linda Rose Family,Parent,100
BEN00908,EMP00908,Aaron Jones Family,Sibling,100
BEN00909,EMP00909,Lisa Camacho Family,Sibling,100
BEN00910,EMP00910,Sharon Lee Family,Spouse,100
BEN00911,EMP00911,Laura Bruce MD Family,Spouse,100
BEN00912,EMP00912,Jennifer Yang Family,Sibling,100
BEN00913,EMP00913,Kenneth Lowery Family,Spouse,100
BEN00914,EMP00914,Andrew Duncan Family,Sibling,100
BEN00915,EMP00915,Patrick Warren Family,Child,100
BEN00916,EMP00916,Kristen Sullivan Family,Spouse,100
BEN00917,EMP00917,Caleb Nunez Family,Sibling,100
BEN00918,EMP00918,Scott Gray Family,Spouse,100
BEN00919,EMP00919,Jason Franklin Family,Child,100
BEN00920,EMP00920,Kaitlin Silva Family,Spouse,100
BEN00921,EMP00921,Alexander Whitehead Family,Child,100
BEN00922,EMP00922,Teresa Orozco Family,Spouse,100
BEN00923,EMP00923,Eddie Shaw Family,Child,100
BEN00924,EMP00924,Erin Robinson Family,Child,100
BEN00925,EMP00925,Corey Short Family,Child,100
BEN00926,EMP00926,Jeffery Perez Family,Sibling,100
BEN00927,EMP00927,Megan Price Family,Sibling,100
BEN00928,EMP00928,Jennifer Gonzalez Family,Sibling,100
BEN00929,EMP00929,Olivia Salazar Family,Spouse,100
BEN00930,EMP00930,Lisa Weiss Family,Spouse,100
BEN00931,EMP00931,Justin Gilmore Family,Child,100
BEN00932,EMP00932,Danielle Aguilar Family,Sibling,100
BEN00933,EMP00933,Zachary Wilson Family,Sibling,100
BEN00934,EMP00934,Ashley Miller DVM Family,Parent,100
BEN00935,EMP00935,Grace Jones Family,Parent,100
BEN00936,EMP00936,Amy Lawrence Family,Sibling,100
BEN00937,EMP00937,Victoria Stout Family,Sibling,100
BEN00938,EMP00938,Diana Morrison Family,Spouse,100
BEN00939,EMP00939,Mr. Christopher Nielsen Family,Child,100
BEN00940,EMP00940,Mrs. Jennifer Hubbard Family,Child,100
BEN00941,EMP00941,Christina Anderson Family,Child,100
BEN00942,EMP00942,Laura Berger Family,Sibling,100
BEN00943,EMP00943,Justin White Family,Child,100
BEN00944,EMP00944,Madeline Jackson Family,Sibling,100
BEN00945,EMP00945,Anthony Thompson Family,Parent,100
BEN00946,EMP00946,Jeanne Nichols Family,Parent,100
BEN00947,EMP00947,Sandra Mercer Family,Child,100
BEN00948,EMP00948,Regina Johnson Family,Parent,100
BEN00949,EMP00949,April Huffman Family,Sibling,100
BEN00950,EMP00950,Jean White Family,Child,100
BEN00951,EMP00951,Brandi Shields Family,Child,100
BEN00952,EMP00952,Karen Leonard Family,Parent,100
BEN00953,EMP00953,Jasmine Serrano Family,Child,100
BEN00954,EMP00954,Tiffany Adams Family,Spouse,100
BEN00955,EMP00955,Monique Yates Family,Sibling,100
BEN00956,EMP00956,Kelly Flowers Family,Parent,100
BEN00957,EMP00957,Kevin Burnett Family,Parent,100
BEN00958,EMP00958,Roger Jones Family,Spouse,100
BEN00959,EMP00959,Joseph Schroeder Family,Sibling,100
BEN00960,EMP00960,Teresa Clark Family,Child,100
BEN00961,EMP00961,Michael Garza Family,Spouse,100
BEN00962,EMP00962,Lisa Evans Family,Child,100
BEN00963,EMP00963,Wendy Williams Family,Sibling,100
BEN00964,EMP00964,Stephanie Stewart Family,Child,100
BEN00965,EMP00965,Nichole Brewer Family,Child,100
BEN00966,EMP00966,Miss Kelly Ortiz Family,Spouse,100
BEN00967,EMP00967,Mr. Barry Alvarez Family,Parent,100
BEN00968,EMP00968,Raymond Vincent Family,Parent,100
BEN00969,EMP00969,Joan Walter Family,Child,100
BEN00970,EMP00970,Sean Erickson Family,Parent,100
BEN00971,EMP00971,Justin Juarez Family,Parent,100
BEN00972,EMP00972,Brandon Huynh Family,Parent,100
BEN00973,EMP00973,Jean Lin Family,Sibling,100
BEN00974,EMP00974,Patricia Arnold Family,Parent,100
BEN00975,EMP00975,Timothy Davis Family,Sibling,100
BEN00976,EMP00976,Joshua Lewis Family,Parent,100
BEN00977,EMP00977,John Howard Family,Child,100
BEN00978,EMP00978,Courtney Martin Family,Parent,100
BEN00979,EMP00979,Jessica Chang Family,Sibling,100
BEN00980,EMP00980,Michelle Ball Family,Sibling,100
BEN00981,EMP00981,Wendy Bowen Family,Spouse,100
BEN00982,EMP00982,Lisa Reed Family,Parent,100
BEN00983,EMP00983,Jesse Shaw Family,Spouse,100
BEN00984,EMP00984,Danielle Torres Family,Spouse,100
BEN00985,EMP00985,Christopher Black Family,Sibling,100
BEN00986,EMP00986,Michele Norton Family,Parent,100
BEN00987,EMP00987,Colleen Martinez Family,Child,100
BEN00988,EMP00988,Melissa Perry Family,Spouse,100
BEN00989,EMP00989,Jessica Mclean Family,Child,100
BEN00990,EMP00990,Joshua Stokes Family,Child,100
BEN00991,EMP00991,Richard Sullivan Family,Spouse,100
BEN00992,EMP00992,Corey Hernandez Family,Spouse,100
BEN00993,EMP00993,Megan Bauer Family,Child,100
BEN00994,EMP00994,Lorraine Fuller Family,Child,100
BEN00995,EMP00995,Natalie Waters Family,Parent,100
BEN00996,EMP00996,Tracy Cooke Family,Parent,100
BEN00997,EMP00997,Tammy Johnson Family,Parent,100
BEN00998,EMP00998,Margaret Fletcher Family,Parent,100
BEN00999,EMP00999,Linda Cobb Family,Spouse,100
BEN01000,EMP01000,Marcus Hughes Family,Spouse,100
BEN01001,EMP01001,Laura Wright Family,Spouse,100
BEN01002,EMP01002,Rodney Wells Family,Spouse,100
BEN01003,EMP01003,Tammy Pittman Family,Sibling,100
BEN01004,EMP01004,Melanie Maynard Family,Parent,100
BEN01005,EMP01005,Ryan Smith Family,Child,100
BEN01006,EMP01006,Elizabeth Vazquez Family,Spouse,100
BEN01007,EMP01007,Carlos Pitts Family,Sibling,100
BEN01008,EMP01008,Tonya Gordon Family,Child,100
BEN01009,EMP01009,Tiffany Jackson Family,Sibling,100
BEN01010,EMP01010,Michael Gallagher Family,Child,100
BEN01011,EMP01011,Daniel Dunn Family,Parent,100
BEN01012,EMP01012,Angela Robinson Family,Spouse,100
BEN01013,EMP01013,Katherine Ball Family,Spouse,100
BEN01014,EMP01014,Benjamin Rogers Family,Parent,100
BEN01015,EMP01015,Tyler Guerrero Family,Spouse,100
BEN01016,EMP01016,Ashley Marshall Family,Child,100
BEN01017,EMP01017,Chelsea Smith Family,Sibling,100
BEN01018,EMP01018,Samantha Jarvis Family,Spouse,100
BEN01019,EMP01019,Jacob West Family,Spouse,100
BEN01020,EMP01020,Whitney Thomas Family,Parent,100
BEN01021,EMP01021,David Edwards Family,Parent,100
BEN01022,EMP01022,Nancy Howard Family,Parent,100
BEN01023,EMP01023,Sydney Campos Family,Parent,100
BEN01024,EMP01024,Kelly Watkins Family,Child,100
BEN01025,EMP01025,Daniel Silva Family,Spouse,100
BEN01026,EMP01026,Marie Jackson Family,Parent,100
BEN01027,EMP01027,Karen Walker Family,Parent,100
BEN01028,EMP01028,Catherine Chavez Family,Sibling,100
BEN01029,EMP01029,Scott Carpenter Family,Child,100
BEN01030,EMP01030,Paul Clark Family,Child,100
BEN01031,EMP01031,Colin Cooper Family,Parent,100
BEN01032,EMP01032,Melanie Garcia Family,Spouse,100
BEN01033,EMP01033,Nathan Bradley Family,Sibling,100
BEN01034,EMP01034,Andrew Lopez Family,Parent,100
BEN01035,EMP01035,Richard Kerr Family,Child,100
BEN01036,EMP01036,Charles Snyder MD Family,Child,100
BEN01037,EMP01037,Valerie Shaw Family,Sibling,100
BEN01038,EMP01038,Chad Ellis Family,Child,100
BEN01039,EMP01039,Michael Gonzales Family,Child,100
BEN01040,EMP01040,Andrew Brown Family,Child,100
BEN01041,EMP01041,Nicholas Wilson Family,Spouse,100
BEN01042,EMP01042,Steven Peterson Family,Sibling,100
BEN01043,EMP01043,Patrick Garcia Family,Parent,100
BEN01044,EMP01044,Donald Black Family,Child,100
BEN01045,EMP01045,Theresa Molina Family,Parent,100
BEN01046,EMP01046,Gabrielle Ortiz Family,Spouse,100
BEN01047,EMP01047,Martin Hood Family,Child,100
BEN01048,EMP01048,Nicole Hicks Family,Spouse,100
BEN01049,EMP01049,Nathan Hawkins Family,Parent,100
BEN01050,EMP01050,Mr. Michael Smith Jr. Family,Parent,100
BEN01051,EMP01051,Dennis Williamson Family,Child,100
BEN01052,EMP01052,Mr. Colin Osborne Family,Child,100
BEN01053,EMP01053,Debra Benson Family,Spouse,100
BEN01054,EMP01054,David Rice Family,Sibling,100
BEN01055,EMP01055,Audrey Delgado Family,Parent,100
BEN01056,EMP01056,Jessica Brown Family,Sibling,100
BEN01057,EMP01057,Donald Olsen Family,Spouse,100
BEN01058,EMP01058,Teresa Smith Family,Spouse,100
BEN01059,EMP01059,Kendra Miller Family,Sibling,100
BEN01060,EMP01060,Craig Allen Family,Spouse,100
BEN01061,EMP01061,Susan Anderson Family,Sibling,100
BEN01062,EMP01062,James Lee Family,Spouse,100
BEN01063,EMP01063,Christopher Ross Family,Spouse,100
BEN01064,EMP01064,Stephanie Lopez Family,Sibling,100
BEN01065,EMP01065,Nathan King Family,Sibling,100
BEN01066,EMP01066,Mallory Brown Family,Child,100
BEN01067,EMP01067,Elizabeth Gonzales Family,Spouse,100
BEN01068,EMP01068,Brett Lee Family,Child,100
BEN01069,EMP01069,Eduardo Best Family,Spouse,100
BEN01070,EMP01070,Mario Austin Family,Spouse,100
BEN01071,EMP01071,Rita Ortega Family,Spouse,100
BEN01072,EMP01072,Julie Stokes Family,Spouse,100
BEN01073,EMP01073,Erica Gomez Family,Spouse,100
BEN01074,EMP01074,Amanda Rios Family,Spouse,100
BEN01075,EMP01075,Charles Harrison Family,Sibling,100
BEN01076,EMP01076,Stacey Carey Family,Parent,100
BEN01077,EMP01077,Ryan Jones Family,Parent,100
BEN01078,EMP01078,Andrew Lloyd Family,Spouse,100
BEN01079,EMP01079,Nathan Williamson Family,Sibling,100
BEN01080,EMP01080,Pamela Maldonado Family,Parent,100
BEN01081,EMP01081,Adam Bowman Family,Spouse,100
BEN01082,EMP01082,Steven Johnson Family,Spouse,100
BEN01083,EMP01083,Kristie Carroll Family,Child,100
BEN01084,EMP01084,Monica Young Family,Sibling,100
BEN01085,EMP01085,Kathy Anderson Family,Spouse,100
BEN01086,EMP01086,Bruce Sutton Family,Parent,100
BEN01087,EMP01087,Cheryl Brown Family,Spouse,100
BEN01088,EMP01088,Martin Norris Family,Parent,100
BEN01089,EMP01089,Amy Sanchez Family,Child,100
BEN01090,EMP01090,Samuel Edwards Family,Spouse,100
BEN01091,EMP01091,Edward Lawrence Family,Sibling,100
BEN01092,EMP01092,Mr. Bryan Hickman Family,Spouse,100
BEN01093,EMP01093,Kyle Nixon Family,Child,100
BEN01094,EMP01094,Jason Jackson MD Family,Sibling,100
BEN01095,EMP01095,William Clayton Family,Spouse,100
BEN01096,EMP01096,Steven White Family,Sibling,100
BEN01097,EMP01097,Mary Sanders Family,Sibling,100
BEN01098,EMP01098,William Cox Family,Child,100
BEN01099,EMP01099,Melissa Dunn Family,Child,100
BEN01100,EMP01100,Desiree Fitzgerald Family,Child,100
BEN01101,EMP01101,Craig Daugherty Family,Child,100
BEN01102,EMP01102,Danielle Rivera Family,Sibling,100
BEN01103,EMP01103,Rebecca Morris Family,Parent,100
BEN01104,EMP01104,Amanda Thomas Family,Child,100
BEN01105,EMP01105,Stephen Roberts Family,Child,100
BEN01106,EMP01106,Travis Sparks Family,Parent,100
BEN01107,EMP01107,David Parrish Family,Child,100
BEN01108,EMP01108,April Robbins Family,Parent,100
BEN01109,EMP01109,Alyssa Cortez Family,Parent,100
BEN01110,EMP01110,Debra Garcia Family,Child,100
BEN01111,EMP01111,Anthony Molina Family,Sibling,100
BEN01112,EMP01112,Jill Welch Family,Parent,100
BEN01113,EMP01113,Shane Moran Family,Parent,100
BEN01114,EMP01114,Pedro Shepherd Family,Child,100
BEN01115,EMP01115,Amy Watson Family,Sibling,100
BEN01116,EMP01116,Rebecca Brady Family,Spouse,100
BEN01117,EMP01117,Holly Reyes Family,Child,100
BEN01118,EMP01118,Mark Taylor Family,Child,100
BEN01119,EMP01119,Melissa Taylor Family,Sibling,100
BEN01120,EMP01120,Christopher Brown Family,Sibling,100
BEN01121,EMP01121,Ronnie Moreno Family,Child,100
BEN01122,EMP01122,Christopher Castro Family,Child,100
BEN01123,EMP01123,Casey Johnson Family,Parent,100
BEN01124,EMP01124,Tyler Powell Family,Sibling,100
BEN01125,EMP01125,Anthony Torres Family,Parent,100
BEN01126,EMP01126,Caroline Turner Family,Spouse,100
BEN01127,EMP01127,Warren Taylor Family,Sibling,100
BEN01128,EMP01128,Kevin Best Family,Sibling,100
BEN01129,EMP01129,Shawn Russell Family,Child,100
BEN01130,EMP01130,Seth Gomez Family,Sibling,100
BEN01131,EMP01131,Michelle Lynch Family,Child,100
BEN01132,EMP01132,Heather Allen Family,Spouse,100
BEN01133,EMP01133,Brenda Simon Family,Spouse,100
BEN01134,EMP01134,Kathy Acosta Family,Spouse,100
BEN01135,EMP01135,Adrienne Kaufman Family,Parent,100
BEN01136,EMP01136,Timothy Adkins Family,Child,100
BEN01137,EMP01137,Charles Prince Family,Sibling,100
BEN01138,EMP01138,Daniel Hoffman Family,Parent,100
BEN01139,EMP01139,Teresa Baker Family,Sibling,100
BEN01140,EMP01140,Richard Gross Family,Sibling,100
BEN01141,EMP01141,Amy Edwards Family,Parent,100
BEN01142,EMP01142,Cheryl Chandler Family,Parent,100
BEN01143,EMP01143,Steven Cruz Family,Sibling,100
BEN01144,EMP01144,Erin Rivera Family,Sibling,100
BEN01145,EMP01145,Robert Zimmerman Family,Sibling,100
BEN01146,EMP01146,Cheryl Lewis Family,Child,100
BEN01147,EMP01147,George Simmons Family,Child,100
BEN01148,EMP01148,Teresa Ross Family,Sibling,100
BEN01149,EMP01149,Jennifer Shaffer Family,Child,100
BEN01150,EMP01150,Bradley Wilson Family,Parent,100
BEN01151,EMP01151,Marie Tucker MD Family,Child,100
BEN01152,EMP01152,John Martinez Family,Spouse,100
BEN01153,EMP01153,Susan Bryant Family,Parent,100
BEN01154,EMP01154,Maria Perez Family,Parent,100
BEN01155,EMP01155,John Graham Family,Parent,100
BEN01156,EMP01156,Bryan Deleon Family,Sibling,100
BEN01157,EMP01157,Kristina Edwards Family,Child,100
BEN01158,EMP01158,Alicia Atkins Family,Sibling,100
BEN01159,EMP01159,Susan Cox Family,Parent,100
BEN01160,EMP01160,Aaron Davidson Family,Child,100
BEN01161,EMP01161,Richard Barr Family,Sibling,100
BEN01162,EMP01162,Laura Mathis Family,Spouse,100
BEN01163,EMP01163,Kristin Norman Family,Spouse,100
BEN01164,EMP01164,Michele Leon Family,Spouse,100
BEN01165,EMP01165,Danielle Peterson Family,Sibling,100
BEN01166,EMP01166,Brian Richmond Family,Child,100
BEN01167,EMP01167,Ethan Harrison Family,Parent,100
BEN01168,EMP01168,Courtney Kelly Family,Spouse,100
BEN01169,EMP01169,Christopher Williams Family,Spouse,100
BEN01170,EMP01170,Robert Cervantes Family,Sibling,100
BEN01171,EMP01171,Laura Crawford Family,Sibling,100
BEN01172,EMP01172,Sherry Rocha Family,Spouse,100
BEN01173,EMP01173,Julia Martinez Family,Child,100
BEN01174,EMP01174,Willie Rodriguez Family,Spouse,100
BEN01175,EMP01175,Nicole Steele Family,Spouse,100
BEN01176,EMP01176,Deborah Bond Family,Parent,100
BEN01177,EMP01177,Justin Wilson Family,Parent,100
BEN01178,EMP01178,Rhonda Martin Family,Parent,100
BEN01179,EMP01179,Mark Chan Family,Parent,100
BEN01180,EMP01180,Ronald Parks Family,Spouse,100
BEN01181,EMP01181,Samantha Park Family,Child,100
BEN01182,EMP01182,David Stevens Family,Spouse,100
BEN01183,EMP01183,Angelica Morrison Family,Child,100
BEN01184,EMP01184,Stacy Johnson Family,Parent,100
BEN01185,EMP01185,Kristen Scott Family,Child,100
BEN01186,EMP01186,Terry Brown Family,Child,100
BEN01187,EMP01187,Frank Adams Family,Parent,100
BEN01188,EMP01188,Jack Moore Family,Sibling,100
BEN01189,EMP01189,David Paul Family,Child,100
BEN01190,EMP01190,Elizabeth Mills Family,Spouse,100
BEN01191,EMP01191,Lauren Costa Family,Child,100
BEN01192,EMP01192,Daniel Martinez Family,Spouse,100
BEN01193,EMP01193,Emily Evans Family,Parent,100
BEN01194,EMP01194,Chris Owens Family,Sibling,100
BEN01195,EMP01195,Ronnie Warren Family,Sibling,100
BEN01196,EMP01196,Zachary West Family,Spouse,100
BEN01197,EMP01197,Aaron Moss Family,Child,100
BEN01198,EMP01198,Luke Murray Family,Sibling,100
BEN01199,EMP01199,Brian Garcia Family,Sibling,100
BEN01200,EMP01200,Kevin Quinn Family,Parent,100
BEN01201,EMP01201,John Wilkinson Family,Child,100
BEN01202,EMP01202,David Meza Family,Sibling,100
BEN01203,EMP01203,Sherry Lang Family,Sibling,100
BEN01204,EMP01204,Mary Mathis Family,Spouse,100
BEN01205,EMP01205,Shirley Harper Family,Spouse,100
BEN01206,EMP01206,Caroline Gray Family,Spouse,100
BEN01207,EMP01207,Lisa Harris Family,Parent,100
BEN01208,EMP01208,Nicole Rodriguez Family,Spouse,100
BEN01209,EMP01209,Nicholas Martin Jr. Family,Parent,100
BEN01210,EMP01210,Charles Jackson Family,Parent,100
BEN01211,EMP01211,Dylan Christensen Family,Sibling,100
BEN01212,EMP01212,Joshua Hoffman Family,Sibling,100
BEN01213,EMP01213,Olivia Robertson Family,Sibling,100
BEN01214,EMP01214,Kevin Williamson Family,Sibling,100
BEN01215,EMP01215,Joseph Stanton Family,Parent,100
BEN01216,EMP01216,Amanda Hall Family,Child,100
BEN01217,EMP01217,Jason Peters Family,Parent,100
BEN01218,EMP01218,James Clark Family,Sibling,100
BEN01219,EMP01219,Anthony Summers Family,Parent,100
BEN01220,EMP01220,Timothy Rose Family,Sibling,100
BEN01221,EMP01221,Mason Gonzales Family,Parent,100
BEN01222,EMP01222,Elijah Murray Family,Spouse,100
BEN01223,EMP01223,Lisa Gonzalez Family,Parent,100
BEN01224,EMP01224,Randy Greene Family,Spouse,100
BEN01225,EMP01225,Arthur Harvey Family,Child,100
BEN01226,EMP01226,Karen Diaz Family,Child,100
BEN01227,EMP01227,Regina Rodriguez Family,Spouse,100
BEN01228,EMP01228,Dana Kelly Family,Spouse,100
BEN01229,EMP01229,Leslie Garcia Family,Parent,100
BEN01230,EMP01230,Samantha Perez Family,Parent,100
BEN01231,EMP01231,Lisa Gallagher Family,Spouse,100
BEN01232,EMP01232,James Jordan Family,Child,100
BEN01233,EMP01233,Nicholas Dunn Family,Spouse,100
BEN01234,EMP01234,Carrie Conner Family,Parent,100
BEN01235,EMP01235,Thomas Powell Family,Parent,100
BEN01236,EMP01236,Mrs. Maria Patterson Family,Spouse,100
BEN01237,EMP01237,George Rollins Family,Sibling,100
BEN01238,EMP01238,Jessica Alexander Family,Sibling,100
BEN01239,EMP01239,Julie Webb Family,Parent,100
BEN01240,EMP01240,Christopher Spencer Family,Parent,100
BEN01241,EMP01241,Michael Davis Family,Spouse,100
BEN01242,EMP01242,Michelle Miller Family,Child,100
BEN01243,EMP01243,Jeffrey Miller Family,Sibling,100
BEN01244,EMP01244,Adam Burton Family,Sibling,100
BEN01245,EMP01245,Ashley Garrett Family,Sibling,100
BEN01246,EMP01246,Christopher Galvan Family,Parent,100
BEN01247,EMP01247,Sheila Barrett Family,Child,100
BEN01248,EMP01248,Susan May Family,Spouse,100
BEN01249,EMP01249,Michael Weaver Family,Sibling,100
BEN01250,EMP01250,Angela Braun Family,Spouse,100
BEN01251,EMP01251,Robin Wilson Family,Sibling,100
BEN01252,EMP01252,Ryan Rose Family,Sibling,100
BEN01253,EMP01253,Gail Bishop Family,Child,100
BEN01254,EMP01254,Martin Navarro Family,Sibling,100
BEN01255,EMP01255,Dr. Michele Taylor Family,Sibling,100
BEN01256,EMP01256,Kim Williams Family,Sibling,100
BEN01257,EMP01257,Brent Fry Family,Spouse,100
BEN01258,EMP01258,Michael Arias Family,Child,100
BEN01259,EMP01259,Mrs. Melissa Miller DVM Family,Parent,100
BEN01260,EMP01260,Angela Yang Family,Parent,100
BEN01261,EMP01261,Mary Adkins Family,Sibling,100
BEN01262,EMP01262,Samuel Meyer Family,Parent,100
BEN01263,EMP01263,Brian Sutton Family,Spouse,100
BEN01264,EMP01264,Michael May Family,Parent,100
BEN01265,EMP01265,Stephen Mcgrath Family,Child,100
BEN01266,EMP01266,Paul Smith Family,Spouse,100
BEN01267,EMP01267,Marco Martin Family,Parent,100
BEN01268,EMP01268,Joseph Short Family,Child,100
BEN01269,EMP01269,Jennifer Ponce Family,Parent,100
BEN01270,EMP01270,Rebecca Woods Family,Child,100
BEN01271,EMP01271,Christy Owens Family,Child,100
BEN01272,EMP01272,Justin Alvarado Family,Parent,100
BEN01273,EMP01273,Todd Nelson Family,Spouse,100
BEN01274,EMP01274,Mr. Jeff Gomez Family,Child,100
BEN01275,EMP01275,Jennifer Jackson Family,Parent,100
BEN01276,EMP01276,Lisa Pugh Family,Sibling,100
BEN01277,EMP01277,Kathleen Reynolds Family,Child,100
BEN01278,EMP01278,Mrs. Teresa Johnson Family,Child,100
BEN01279,EMP01279,Kim Montes Family,Spouse,100
BEN01280,EMP01280,Amanda Brown Family,Spouse,100
BEN01281,EMP01281,Gabriela Weaver Family,Spouse,100
BEN01282,EMP01282,Anthony Ross Family,Spouse,100
BEN01283,EMP01283,Dr. Connie Ward Family,Parent,100
BEN01284,EMP01284,Austin Moore Family,Spouse,100
BEN01285,EMP01285,Evan Johnson Family,Parent,100
BEN01286,EMP01286,Ryan Michael Family,Sibling,100
BEN01287,EMP01287,Jimmy Miller Family,Child,100
BEN01288,EMP01288,William Robinson Family,Child,100
BEN01289,EMP01289,Jeffrey Lara Family,Sibling,100
BEN01290,EMP01290,Daniel Meyer Family,Parent,100
BEN01291,EMP01291,Jonathan Mendez Family,Sibling,100
BEN01292,EMP01292,Anthony Coleman Family,Sibling,100
BEN01293,EMP01293,Matthew Smith Family,Parent,100
BEN01294,EMP01294,William Robertson Family,Parent,100
BEN01295,EMP01295,Michelle Espinoza Family,Child,100
BEN01296,EMP01296,Diane Pittman Family,Sibling,100
BEN01297,EMP01297,Mr. Chad Taylor Family,Sibling,100
BEN01298,EMP01298,Gloria Gentry Family,Sibling,100
BEN01299,EMP01299,William Walker Family,Spouse,100
BEN01300,EMP01300,Jonathan Acevedo Family,Spouse,100
BEN01301,EMP01301,Christopher Smith Family,Spouse,100
BEN01302,EMP01302,Adrian Cain Family,Sibling,100
BEN01303,EMP01303,Chelsea Johnson Family,Sibling,100
BEN01304,EMP01304,Lisa Hayes Family,Sibling,100
BEN01305,EMP01305,Anthony Riley Family,Spouse,100
BEN01306,EMP01306,Paul Webb Family,Parent,100
BEN01307,EMP01307,William Huffman Family,Sibling,100
BEN01308,EMP01308,Ashley Mccarty Family,Child,100
BEN01309,EMP01309,Allen Chavez Family,Child,100
BEN01310,EMP01310,Amy Benton Family,Sibling,100
BEN01311,EMP01311,Joshua Larson Family,Spouse,100
BEN01312,EMP01312,Joshua Thompson Family,Child,100
BEN01313,EMP01313,Rhonda Torres Family,Child,100
BEN01314,EMP01314,Alicia Lloyd Family,Parent,100
BEN01315,EMP01315,Tracy Stanton Family,Child,100
BEN01316,EMP01316,Lisa Brooks Family,Spouse,100
BEN01317,EMP01317,Elizabeth Baker Family,Parent,100
BEN01318,EMP01318,Manuel Carey Family,Child,100
BEN01319,EMP01319,Nicole Smith Family,Spouse,100
BEN01320,EMP01320,Patrick Davenport Family,Sibling,100
BEN01321,EMP01321,Cassandra Harrison Family,Spouse,100
BEN01322,EMP01322,April Perry Family,Parent,100
BEN01323,EMP01323,Vincent Brown Family,Parent,100
BEN01324,EMP01324,Jessica Ross Family,Parent,100
BEN01325,EMP01325,Jennifer Pugh Family,Spouse,100
BEN01326,EMP01326,Amanda Henson Family,Spouse,100
BEN01327,EMP01327,Kristen Cooper Family,Spouse,100
BEN01328,EMP01328,Jordan Barnett Family,Spouse,100
BEN01329,EMP01329,Melissa Jenkins Family,Spouse,100
BEN01330,EMP01330,Michael Chandler Family,Sibling,100
BEN01331,EMP01331,Jenna Cook Family,Spouse,100
BEN01332,EMP01332,Regina Taylor Family,Sibling,100
BEN01333,EMP01333,Emily Rose Family,Parent,100
BEN01334,EMP01334,James Randolph Family,Sibling,100
BEN01335,EMP01335,Amy Vargas Family,Spouse,100
BEN01336,EMP01336,Tina Adams Family,Sibling,100
BEN01337,EMP01337,Tiffany Hardy Family,Parent,100
BEN01338,EMP01338,Christopher Love Family,Spouse,100
BEN01339,EMP01339,Nicholas Hays Family,Parent,100
BEN01340,EMP01340,Jacob Francis Family,Spouse,100
BEN01341,EMP01341,Lisa Sanchez Family,Spouse,100
BEN01342,EMP01342,Michael Jones Family,Spouse,100
BEN01343,EMP01343,Krystal Ramirez Family,Child,100
BEN01344,EMP01344,Hannah Hughes Family,Child,100
BEN01345,EMP01345,Christopher Ho Family,Child,100
BEN01346,EMP01346,Katherine Ayala Family,Parent,100
BEN01347,EMP01347,Lisa Brown Family,Child,100
BEN01348,EMP01348,Joseph Hansen Family,Spouse,100
BEN01349,EMP01349,Madison Garner Family,Child,100
BEN01350,EMP01350,Grant Newman Family,Spouse,100
BEN01351,EMP01351,Mary Williams Family,Parent,100
BEN01352,EMP01352,Amanda Patel Family,Spouse,100
BEN01353,EMP01353,William Young Family,Spouse,100
BEN01354,EMP01354,Shelia Gillespie Family,Child,100
BEN01355,EMP01355,Ashley Bates Family,Child,100
BEN01356,EMP01356,Andrew Strong Family,Parent,100
BEN01357,EMP01357,Susan Martin Family,Sibling,100
BEN01358,EMP01358,Megan Fernandez Family,Parent,100
BEN01359,EMP01359,Jose Walker Family,Child,100
BEN01360,EMP01360,Matthew Liu Family,Sibling,100
BEN01361,EMP01361,Christopher Myers Family,Child,100
BEN01362,EMP01362,Olivia White Family,Parent,100
BEN01363,EMP01363,Marcus Fuller Family,Spouse,100
BEN01364,EMP01364,John Wall Family,Parent,100
BEN01365,EMP01365,Michael Wilson Family,Sibling,100
BEN01366,EMP01366,Meghan Nelson Family,Parent,100
BEN01367,EMP01367,Anna Giles DVM Family,Parent,100
BEN01368,EMP01368,William Terry Family,Parent,100
BEN01369,EMP01369,Joseph Cox Family,Parent,100
BEN01370,EMP01370,Robert Greer Family,Spouse,100
BEN01371,EMP01371,Patricia Elliott Family,Parent,100
BEN01372,EMP01372,Oscar Ward Family,Child,100
BEN01373,EMP01373,Laura Davis Family,Child,100
BEN01374,EMP01374,Katelyn Edwards Family,Spouse,100
BEN01375,EMP01375,Robert Anderson Family,Spouse,100
BEN01376,EMP01376,Edward Powell Family,Child,100
BEN01377,EMP01377,Teresa Johnston Family,Sibling,100
BEN01378,EMP01378,Mrs. Felicia Clarke Family,Spouse,100
BEN01379,EMP01379,Peter Fox Family,Child,100
BEN01380,EMP01380,Mary Miller Family,Spouse,100
BEN01381,EMP01381,Stacey Willis Family,Parent,100
BEN01382,EMP01382,Christopher Thornton Family,Spouse,100
BEN01383,EMP01383,Tonya Parrish Family,Sibling,100
BEN01384,EMP01384,Kayla Long Family,Child,100
BEN01385,EMP01385,Cassandra Austin Family,Parent,100
BEN01386,EMP01386,Tanya Garza Family,Sibling,100
BEN01387,EMP01387,Matthew Christian Family,Child,100
BEN01388,EMP01388,Jordan Chung Family,Sibling,100
BEN01389,EMP01389,Lauren Wilson Family,Parent,100
BEN01390,EMP01390,Sherry Washington Family,Parent,100
BEN01391,EMP01391,Brett Collins Family,Parent,100
BEN01392,EMP01392,Mario Lane Family,Spouse,100
BEN01393,EMP01393,Scott Hill Family,Parent,100
BEN01394,EMP01394,Kelli Sheppard Family,Child,100
BEN01395,EMP01395,Elaine Everett Family,Sibling,100
BEN01396,EMP01396,Brittney Ward Family,Parent,100
BEN01397,EMP01397,Jessica Davis Family,Sibling,100
BEN01398,EMP01398,Joshua Morgan DDS Family,Sibling,100
BEN01399,EMP01399,Mr. Jason Burns MD Family,Sibling,100
BEN01400,EMP01400,Jessica Mccall Family,Sibling,100
BEN01401,EMP01401,Mark Blevins DVM Family,Spouse,100
BEN01402,EMP01402,Samuel Hester Family,Parent,100
BEN01403,EMP01403,Charlotte Peters Family,Sibling,100
BEN01404,EMP01404,Michael Chavez Family,Spouse,100
BEN01405,EMP01405,Samantha Clayton Family,Sibling,100
BEN01406,EMP01406,Jane Foster Family,Child,100
BEN01407,EMP01407,Mr. Carl Ross Jr. Family,Child,100
BEN01408,EMP01408,Andrew Macdonald Family,Child,100
BEN01409,EMP01409,John Jones Family,Parent,100
BEN01410,EMP01410,Matthew Brown Family,Sibling,100
BEN01411,EMP01411,Janet Leblanc Family,Spouse,100
BEN01412,EMP01412,Kimberly Sexton Family,Sibling,100
BEN01413,EMP01413,Julia Byrd Family,Sibling,100
BEN01414,EMP01414,Alicia Sharp Family,Parent,100
BEN01415,EMP01415,Douglas Phillips Family,Sibling,100
BEN01416,EMP01416,Luis Harris Family,Child,100
BEN01417,EMP01417,Sean Morgan Family,Spouse,100
BEN01418,EMP01418,Sean Anderson Family,Spouse,100
BEN01419,EMP01419,Brittany Lowe Family,Sibling,100
BEN01420,EMP01420,Rhonda Edwards Family,Parent,100
BEN01421,EMP01421,Zachary Lamb Family,Parent,100
BEN01422,EMP01422,Jessica Lowery Family,Parent,100
BEN01423,EMP01423,Marissa Walker Family,Sibling,100
BEN01424,EMP01424,Brian Bell Family,Sibling,100
BEN01425,EMP01425,Kristine Fuentes Family,Spouse,100
BEN01426,EMP01426,Sherri Murphy Family,Sibling,100
BEN01427,EMP01427,Brittany Guerra Family,Child,100
BEN01428,EMP01428,Linda Wolfe Family,Spouse,100
BEN01429,EMP01429,Michael Case Family,Spouse,100
BEN01430,EMP01430,Barbara Martin Family,Spouse,100
BEN01431,EMP01431,Danielle Hubbard Family,Sibling,100
BEN01432,EMP01432,Tracey Evans Family,Sibling,100
BEN01433,EMP01433,Wendy Ewing Family,Child,100
BEN01434,EMP01434,Cory Morrow Family,Parent,100
BEN01435,EMP01435,Sherry Turner Family,Child,100
BEN01436,EMP01436,Lori Chandler Family,Parent,100
BEN01437,EMP01437,Kevin Lee Family,Spouse,100
BEN01438,EMP01438,John Blanchard Family,Sibling,100
BEN01439,EMP01439,Tammy Delgado Family,Child,100
BEN01440,EMP01440,Luke Johnson Family,Child,100
BEN01441,EMP01441,Jonathan Wright Family,Parent,100
BEN01442,EMP01442,Kristina Ibarra Family,Spouse,100
BEN01443,EMP01443,Jennifer Mcdaniel Family,Parent,100
BEN01444,EMP01444,Brittany Allison Family,Parent,100
BEN01445,EMP01445,Daniel Blevins Family,Sibling,100
BEN01446,EMP01446,Heather Miles Family,Sibling,100
BEN01447,EMP01447,Sally Lewis Family,Parent,100
BEN01448,EMP01448,Gary Wright Family,Spouse,100
BEN01449,EMP01449,Daniel Francis Family,Child,100
BEN01450,EMP01450,Johnny Mendoza Family,Parent,100
BEN01451,EMP01451,Kathy Watson Family,Parent,100
BEN01452,EMP01452,Susan Reyes Family,Parent,100
BEN01453,EMP01453,Juan Jones Family,Child,100
BEN01454,EMP01454,Dustin Allen Family,Parent,100
BEN01455,EMP01455,Alyssa Ramirez Family,Spouse,100
BEN01456,EMP01456,Heidi Ray Family,Parent,100
BEN01457,EMP01457,Joshua Jones Family,Parent,100
BEN01458,EMP01458,Jasmine Townsend Family,Spouse,100
BEN01459,EMP01459,Jacob Thompson Family,Parent,100
BEN01460,EMP01460,Pamela Parker Family,Spouse,100
BEN01461,EMP01461,Joanne Pearson Family,Sibling,100
BEN01462,EMP01462,Beth Jordan Family,Parent,100
BEN01463,EMP01463,Kyle Young Family,Child,100
BEN01464,EMP01464,Dale Cook Family,Spouse,100
BEN01465,EMP01465,James Carr Family,Spouse,100
BEN01466,EMP01466,Jordan Pearson Family,Parent,100
BEN01467,EMP01467,Susan Ortiz Family,Sibling,100
BEN01468,EMP01468,Kendra Nelson Family,Child,100
BEN01469,EMP01469,Michael Randall Family,Child,100
BEN01470,EMP01470,Christopher Wilson Family,Parent,100
BEN01471,EMP01471,Sylvia Moore Family,Parent,100
BEN01472,EMP01472,Bruce Gray Family,Spouse,100
BEN01473,EMP01473,William Mckenzie Family,Child,100
BEN01474,EMP01474,Taylor Fisher Family,Sibling,100
BEN01475,EMP01475,Scott Beck Family,Spouse,100
BEN01476,EMP01476,Loretta Simpson Family,Sibling,100
BEN01477,EMP01477,David Briggs Family,Child,100
BEN01478,EMP01478,Gary Thomas Family,Spouse,100
BEN01479,EMP01479,Eric Hurst Family,Child,100
BEN01480,EMP01480,Kaitlyn Dodson Family,Parent,100
BEN01481,EMP01481,Gabriel Edwards Family,Parent,100
BEN01482,EMP01482,Katrina Boyd Family,Parent,100
BEN01483,EMP01483,Julie Wagner Family,Parent,100
BEN01484,EMP01484,Shelby Martinez Family,Spouse,100
BEN01485,EMP01485,George Schmidt Family,Parent,100
BEN01486,EMP01486,Rebecca Cox Family,Child,100
BEN01487,EMP01487,Adam Russell Family,Spouse,100
BEN01488,EMP01488,April Johnson Family,Spouse,100
BEN01489,EMP01489,Kevin Walker Family,Parent,100
BEN01490,EMP01490,Sherri Haley Family,Spouse,100
BEN01491,EMP01491,Hannah Rodriguez Family,Child,100
BEN01492,EMP01492,Elizabeth Stephens Family,Child,100
BEN01493,EMP01493,Erik Jones Family,Parent,100
BEN01494,EMP01494,Paul Fisher Family,Sibling,100
BEN01495,EMP01495,Stephen Weaver Family,Child,100
BEN01496,EMP01496,Benjamin Merritt Family,Parent,100
BEN01497,EMP01497,Marcia Williams Family,Spouse,100
BEN01498,EMP01498,Melissa Martinez Family,Spouse,100
BEN01499,EMP01499,Henry Day Family,Spouse,100
BEN01500,EMP01500,Justin Robbins Family,Sibling,100
BEN01501,EMP01501,Renee Gallagher Family,Child,100
BEN01502,EMP01502,Travis Jones Family,Parent,100
BEN01503,EMP01503,Joseph Li Family,Spouse,100
BEN01504,EMP01504,Joseph Chavez Family,Child,100
BEN01505,EMP01505,Christopher Crawford Family,Spouse,100
BEN01506,EMP01506,April Hughes Family,Spouse,100
BEN01507,EMP01507,Jonathan Cline Family,Parent,100
BEN01508,EMP01508,Lisa Wells Family,Sibling,100
BEN01509,EMP01509,Angela Adkins Family,Child,100
BEN01510,EMP01510,Amanda Torres Family,Parent,100
BEN01511,EMP01511,Brianna James Family,Sibling,100
BEN01512,EMP01512,Catherine Neal Family,Spouse,100
BEN01513,EMP01513,Zachary Elliott Family,Sibling,100
BEN01514,EMP01514,Lisa Wagner Family,Sibling,100
BEN01515,EMP01515,Jonathan Watson Family,Child,100
BEN01516,EMP01516,Cory Jordan Family,Parent,100
BEN01517,EMP01517,Isabel Powers Family,Parent,100
BEN01518,EMP01518,Zachary King DVM Family,Spouse,100
BEN01519,EMP01519,Beverly Frye Family,Child,100
BEN01520,EMP01520,Laura Caldwell Family,Sibling,100
BEN01521,EMP01521,Ethan Montgomery Family,Sibling,100
BEN01522,EMP01522,Christian Pearson Family,Sibling,100
BEN01523,EMP01523,David Santos Family,Parent,100
BEN01524,EMP01524,Vicki Mcbride Family,Spouse,100
BEN01525,EMP01525,Jennifer Williams Family,Spouse,100
BEN01526,EMP01526,Kevin Tran Family,Parent,100
BEN01527,EMP01527,David Johnson Family,Child,100
BEN01528,EMP01528,Carrie Kline Family,Sibling,100
BEN01529,EMP01529,Deborah Waters Family,Spouse,100
BEN01530,EMP01530,Austin Brown Family,Sibling,100
BEN01531,EMP01531,William Phillips Family,Parent,100
BEN01532,EMP01532,Michelle Lewis Family,Child,100
BEN01533,EMP01533,Jennifer Brennan Family,Sibling,100
BEN01534,EMP01534,Heidi Gibson Family,Parent,100
BEN01535,EMP01535,Steven Richard Family,Sibling,100
BEN01536,EMP01536,Frank Soto Family,Sibling,100
BEN01537,EMP01537,Susan Stephens Family,Sibling,100
BEN01538,EMP01538,Mark Wang Family,Parent,100
BEN01539,EMP01539,Nancy Jones Family,Spouse,100
BEN01540,EMP01540,Emily Schroeder Family,Parent,100
BEN01541,EMP01541,George Stokes Family,Child,100
BEN01542,EMP01542,Kelsey Abbott Family,Sibling,100
BEN01543,EMP01543,Jonathan Harper Family,Spouse,100
BEN01544,EMP01544,Laura Sweeney Family,Sibling,100
BEN01545,EMP01545,Amanda Rodriguez Family,Child,100
BEN01546,EMP01546,Frank Quinn Family,Spouse,100
BEN01547,EMP01547,Elizabeth Rodriguez Family,Parent,100
BEN01548,EMP01548,Sara Tanner Family,Spouse,100
BEN01549,EMP01549,Margaret Johnson Family,Sibling,100
BEN01550,EMP01550,Deborah Carr Family,Child,100
BEN01551,EMP01551,Debra Snyder Family,Parent,100
BEN01552,EMP01552,Shaun Ramirez Family,Sibling,100
BEN01553,EMP01553,Kevin Skinner Family,Spouse,100
BEN01554,EMP01554,Paul Gonzalez Family,Child,100
BEN01555,EMP01555,Todd Rice Family,Sibling,100
BEN01556,EMP01556,Gary Butler Family,Spouse,100
BEN01557,EMP01557,Brian Smith Family,Child,100
BEN01558,EMP01558,Michele Wall Family,Child,100
BEN01559,EMP01559,Christopher Cummings Family,Spouse,100
BEN01560,EMP01560,Anthony Murphy Family,Child,100
BEN01561,EMP01561,Brittany Fernandez Family,Parent,100
BEN01562,EMP01562,April Lopez Family,Child,100
BEN01563,EMP01563,Amy Wade Family,Spouse,100
BEN01564,EMP01564,Mark Gross Family,Sibling,100
BEN01565,EMP01565,Stephen Sanchez Family,Parent,100
BEN01566,EMP01566,Sarah Gonzalez Family,Spouse,100
BEN01567,EMP01567,Patricia Davis Family,Parent,100
BEN01568,EMP01568,Chelsea Nunez Family,Parent,100
BEN01569,EMP01569,Joseph Mcgrath Family,Child,100
BEN01570,EMP01570,Amanda Hernandez Family,Child,100
BEN01571,EMP01571,Benjamin Moore Family,Sibling,100
BEN01572,EMP01572,Rachel Yang Family,Sibling,100
BEN01573,EMP01573,Laura Powers Family,Spouse,100
BEN01574,EMP01574,Michael Duncan Family,Parent,100
BEN01575,EMP01575,Jessica Zamora Family,Parent,100
BEN01576,EMP01576,Brenda Malone Family,Child,100
BEN01577,EMP01577,Laurie Fuller Family,Spouse,100
BEN01578,EMP01578,Mrs. Stephanie Gordon Family,Parent,100
BEN01579,EMP01579,Gregory Green Family,Sibling,100
BEN01580,EMP01580,Sean Macdonald Family,Sibling,100
BEN01581,EMP01581,James Bush Jr. Family,Sibling,100
BEN01582,EMP01582,Nicole Bender Family,Sibling,100
BEN01583,EMP01583,Jeffrey Cook Family,Spouse,100
BEN01584,EMP01584,Michelle Woods Family,Child,100
BEN01585,EMP01585,Sandra Kelly Family,Parent,100
BEN01586,EMP01586,Whitney Francis Family,Child,100
BEN01587,EMP01587,Steven Young Family,Spouse,100
BEN01588,EMP01588,Rebecca Hooper Family,Sibling,100
BEN01589,EMP01589,Cory Fox Family,Sibling,100
BEN01590,EMP01590,Bradley Lawrence Family,Child,100
BEN01591,EMP01591,Nicholas Andrews Family,Sibling,100
BEN01592,EMP01592,Donna Bishop Family,Sibling,100
BEN01593,EMP01593,John Parks Family,Parent,100
BEN01594,EMP01594,Michele Lane Family,Sibling,100
BEN01595,EMP01595,Carlos Williams Family,Child,100
BEN01596,EMP01596,Pamela Carter Family,Parent,100
BEN01597,EMP01597,Barbara Taylor Family,Parent,100
BEN01598,EMP01598,Christine Higgins Family,Sibling,100
BEN01599,EMP01599,Brad Barnett Family,Child,100
BEN01600,EMP01600,Sheri Frazier Family,Spouse,100
BEN01601,EMP01601,Clifford Wheeler Family,Child,100
BEN01602,EMP01602,Michael Powell Family,Parent,100
BEN01603,EMP01603,Anthony Reed Family,Spouse,100
BEN01604,EMP01604,Teresa Garcia Family,Sibling,100
BEN01605,EMP01605,Todd Elliott Family,Sibling,100
BEN01606,EMP01606,Peter Christensen Family,Sibling,100
BEN01607,EMP01607,Cassandra Walker Family,Child,100
BEN01608,EMP01608,Anthony Sandoval Family,Spouse,100
BEN01609,EMP01609,Jonathan Freeman Family,Sibling,100
BEN01610,EMP01610,Lori Ortiz Family,Parent,100
BEN01611,EMP01611,John Hoover Family,Parent,100
BEN01612,EMP01612,Kathryn Arias Family,Parent,100
BEN01613,EMP01613,Kevin Murphy Family,Spouse,100
BEN01614,EMP01614,Lori Dixon Family,Sibling,100
BEN01615,EMP01615,Ashley Murray Family,Spouse,100
BEN01616,EMP01616,Travis Sanders Family,Parent,100
BEN01617,EMP01617,Samuel Johnson Family,Parent,100
BEN01618,EMP01618,Colleen Phillips Family,Parent,100
BEN01619,EMP01619,Michael Clark Family,Spouse,100
BEN01620,EMP01620,Lori Chapman Family,Child,100
BEN01621,EMP01621,James Mcknight Family,Child,100
BEN01622,EMP01622,Kevin Henderson Family,Child,100
BEN01623,EMP01623,Joyce Howard Family,Child,100
BEN01624,EMP01624,Chloe Miller Family,Parent,100
BEN01625,EMP01625,Taylor Chambers Family,Spouse,100
BEN01626,EMP01626,Michael Osborne Family,Sibling,100
BEN01627,EMP01627,Richard Moore Family,Parent,100
BEN01628,EMP01628,Adam May Family,Spouse,100
BEN01629,EMP01629,Alice Payne Family,Parent,100
BEN01630,EMP01630,Cole Pierce Family,Child,100
BEN01631,EMP01631,Angela Brown Family,Parent,100
BEN01632,EMP01632,Gregory Flores Family,Parent,100
BEN01633,EMP01633,Jessica Daniel Family,Sibling,100
BEN01634,EMP01634,Kelly Patel Family,Spouse,100
BEN01635,EMP01635,Gloria Dominguez DDS Family,Parent,100
BEN01636,EMP01636,Rachel Peterson Family,Parent,100
BEN01637,EMP01637,Jeffrey Pope Family,Parent,100
BEN01638,EMP01638,Brandi Smith Family,Parent,100
BEN01639,EMP01639,Jesse Jensen Family,Spouse,100
BEN01640,EMP01640,Rebecca Sullivan DVM Family,Child,100
BEN01641,EMP01641,Cassandra Weaver Family,Sibling,100
BEN01642,EMP01642,Timothy Lee Family,Child,100
BEN01643,EMP01643,Christian Miller Family,Child,100
BEN01644,EMP01644,Kaitlyn Harris Family,Parent,100
BEN01645,EMP01645,Matthew Reese Family,Parent,100
BEN01646,EMP01646,Eric Wilson Family,Parent,100
BEN01647,EMP01647,Travis Forbes Family,Child,100
BEN01648,EMP01648,George Evans Family,Child,100
BEN01649,EMP01649,Erin Smith Family,Parent,100
BEN01650,EMP01650,Tracy Mays Family,Spouse,100
BEN01651,EMP01651,Christopher Cisneros Family,Child,100
BEN01652,EMP01652,Kevin Brown Family,Spouse,100
BEN01653,EMP01653,Erin Smith Family,Sibling,100
BEN01654,EMP01654,Dylan Mendoza Family,Spouse,100
BEN01655,EMP01655,John Reilly Family,Sibling,100
BEN01656,EMP01656,Jason Martinez Family,Sibling,100
BEN01657,EMP01657,Brenda Burke Family,Parent,100
BEN01658,EMP01658,Patricia Osborne Family,Child,100
BEN01659,EMP01659,Cassidy Ray Family,Child,100
BEN01660,EMP01660,Jennifer Hammond Family,Sibling,100
BEN01661,EMP01661,Matthew Brown Family,Parent,100
BEN01662,EMP01662,Stephanie Hansen Family,Parent,100
BEN01663,EMP01663,Jeffrey Gray Family,Parent,100
BEN01664,EMP01664,Michelle Jackson Family,Sibling,100
BEN01665,EMP01665,Craig Haynes Family,Child,100
BEN01666,EMP01666,Joshua Dickerson Family,Sibling,100
BEN01667,EMP01667,Reginald Miller Family,Child,100
BEN01668,EMP01668,Ronald Baxter Family,Sibling,100
BEN01669,EMP01669,Christopher Sandoval Family,Child,100
BEN01670,EMP01670,Richard Johnson Family,Spouse,100
BEN01671,EMP01671,Charles Lewis Family,Parent,100
BEN01672,EMP01672,Patricia Sanchez Family,Parent,100
BEN01673,EMP01673,Ryan Campbell Family,Sibling,100
BEN01674,EMP01674,Yvette West Family,Parent,100
BEN01675,EMP01675,Dr. Cheryl King DDS Family,Child,100
BEN01676,EMP01676,Jacob Edwards Family,Spouse,100
BEN01677,EMP01677,Jennifer George Family,Sibling,100
BEN01678,EMP01678,Amber French Family,Parent,100
BEN01679,EMP01679,Jeffery Grant Family,Spouse,100
BEN01680,EMP01680,Edward Mays Family,Sibling,100
BEN01681,EMP01681,Laura Acosta Family,Sibling,100
BEN01682,EMP01682,Alexander Powell Family,Sibling,100
BEN01683,EMP01683,Jack Smith Family,Child,100
BEN01684,EMP01684,Megan Griffin Family,Parent,100
BEN01685,EMP01685,Timothy Crosby Family,Parent,100
BEN01686,EMP01686,Martin Lewis Family,Child,100
BEN01687,EMP01687,Aaron Rogers Family,Sibling,100
BEN01688,EMP01688,Monica Young Family,Parent,100
BEN01689,EMP01689,Laura Martin Family,Parent,100
BEN01690,EMP01690,David Banks Family,Parent,100
BEN01691,EMP01691,Mary Garza Family,Spouse,100
BEN01692,EMP01692,Nicholas Williams Family,Parent,100
BEN01693,EMP01693,Bobby Taylor Family,Spouse,100
BEN01694,EMP01694,Jonathan Schmidt Family,Child,100
BEN01695,EMP01695,Stacey Gaines Family,Child,100
BEN01696,EMP01696,Patricia Rogers Family,Parent,100
BEN01697,EMP01697,Richard Alvarez Family,Spouse,100
BEN01698,EMP01698,Jennifer Gregory Family,Child,100
BEN01699,EMP01699,April Frazier Family,Parent,100
BEN01700,EMP01700,Gerald Brown Family,Spouse,100
BEN01701,EMP01701,Eric Dunlap Family,Spouse,100
BEN01702,EMP01702,Ryan Gutierrez Family,Parent,100
BEN01703,EMP01703,Robert Ho Family,Child,100
BEN01704,EMP01704,Dr. Roy Wilson Family,Sibling,100
BEN01705,EMP01705,Lisa Mendoza Family,Sibling,100
BEN01706,EMP01706,Jose Rivera Family,Sibling,100
BEN01707,EMP01707,Dr. Zachary Washington Family,Parent,100
BEN01708,EMP01708,Christine Weaver Family,Child,100
BEN01709,EMP01709,Leah Flowers Family,Spouse,100
BEN01710,EMP01710,Yolanda Gomez Family,Sibling,100
BEN01711,EMP01711,Christy Harrington Family,Sibling,100
BEN01712,EMP01712,William Mills Family,Child,100
BEN01713,EMP01713,Randy Thornton Family,Parent,100
BEN01714,EMP01714,John Ward Family,Sibling,100
BEN01715,EMP01715,Brandon Branch Family,Sibling,100
BEN01716,EMP01716,Cheryl Lane Family,Child,100
BEN01717,EMP01717,Laura Dawson MD Family,Child,100
BEN01718,EMP01718,Matthew Williams Family,Child,100
BEN01719,EMP01719,Meghan Levy Family,Child,100
BEN01720,EMP01720,Steven Warner Family,Child,100
BEN01721,EMP01721,Amber Flores Family,Child,100
BEN01722,EMP01722,Marc Kim Family,Spouse,100
BEN01723,EMP01723,Belinda Smith Family,Child,100
BEN01724,EMP01724,Carrie Farrell Family,Parent,100
BEN01725,EMP01725,Joseph Wiggins Family,Sibling,100
BEN01726,EMP01726,Michael Richardson Family,Sibling,100
BEN01727,EMP01727,Pamela Finley Family,Child,100
BEN01728,EMP01728,Stephanie Rivera Family,Spouse,100
BEN01729,EMP01729,Julia Floyd Family,Parent,100
BEN01730,EMP01730,Stephanie King Family,Child,100
BEN01731,EMP01731,Lisa Smith Family,Sibling,100
BEN01732,EMP01732,Michael Wilson Family,Sibling,100
BEN01733,EMP01733,Catherine Galvan Family,Sibling,100
BEN01734,EMP01734,Kristin Mccormick Family,Parent,100
BEN01735,EMP01735,Cynthia Haynes Family,Child,100
BEN01736,EMP01736,Michael Lee Family,Child,100
BEN01737,EMP01737,Jennifer Diaz Family,Sibling,100
BEN01738,EMP01738,Brandon Aguilar Family,Child,100
BEN01739,EMP01739,Keith Nelson Family,Sibling,100
BEN01740,EMP01740,Andrea Nelson Family,Spouse,100
BEN01741,EMP01741,Teresa Wolfe Family,Spouse,100
BEN01742,EMP01742,Michelle Gilbert Family,Spouse,100
BEN01743,EMP01743,Scott Decker Family,Sibling,100
BEN01744,EMP01744,Dawn Hardy Family,Parent,100
BEN01745,EMP01745,Teresa Farrell Family,Sibling,100
BEN01746,EMP01746,Patrick Martinez Family,Spouse,100
BEN01747,EMP01747,Cameron Smith Family,Child,100
BEN01748,EMP01748,Jeffery Brady Family,Spouse,100
BEN01749,EMP01749,Kristopher Cannon Family,Sibling,100
BEN01750,EMP01750,Tammy Jones Family,Parent,100
BEN01751,EMP01751,Brian Fischer Family,Sibling,100
BEN01752,EMP01752,Adam Gomez Family,Spouse,100
BEN01753,EMP01753,Jay Simpson Family,Sibling,100
BEN01754,EMP01754,Angela Myers Family,Sibling,100
BEN01755,EMP01755,Gina Armstrong Family,Sibling,100
BEN01756,EMP01756,Mr. William Stone Family,Spouse,100
BEN01757,EMP01757,Ian Rose Family,Spouse,100
BEN01758,EMP01758,Gary Rodriguez Family,Parent,100
BEN01759,EMP01759,Katherine Conley Family,Child,100
BEN01760,EMP01760,Jessica Lane Family,Sibling,100
BEN01761,EMP01761,Lindsey Duran Family,Parent,100
BEN01762,EMP01762,Erika Jones Family,Parent,100
BEN01763,EMP01763,Trevor Garcia Family,Sibling,100
BEN01764,EMP01764,Lynn Jones Family,Sibling,100
BEN01765,EMP01765,Kevin Pugh Family,Spouse,100
BEN01766,EMP01766,Melissa Hayes Family,Child,100
BEN01767,EMP01767,Jenna Mcguire Family,Sibling,100
BEN01768,EMP01768,William Hayes Family,Parent,100
BEN01769,EMP01769,Francisco Diaz Family,Child,100
BEN01770,EMP01770,Elizabeth Hayes Family,Spouse,100
BEN01771,EMP01771,Dawn Patel Family,Child,100
BEN01772,EMP01772,Katherine Gonzalez Family,Spouse,100
BEN01773,EMP01773,Hailey Wells Family,Child,100
BEN01774,EMP01774,Arthur Gould Family,Spouse,100
BEN01775,EMP01775,Steven James Family,Child,100
BEN01776,EMP01776,Steven Meyer Family,Sibling,100
BEN01777,EMP01777,Stephen Davis Family,Sibling,100
BEN01778,EMP01778,Casey Dawson Family,Parent,100
BEN01779,EMP01779,Jasmine Maynard Family,Spouse,100
BEN01780,EMP01780,Paul Carter Family,Sibling,100
BEN01781,EMP01781,Marie Parks Family,Spouse,100
BEN01782,EMP01782,Brandon Howard Family,Spouse,100
BEN01783,EMP01783,Nicole Patel Family,Child,100
BEN01784,EMP01784,Jason Rosales Family,Parent,100
BEN01785,EMP01785,Scott Russell Family,Parent,100
BEN01786,EMP01786,Elizabeth Harris Family,Sibling,100
BEN01787,EMP01787,Patricia Fuentes MD Family,Parent,100
BEN01788,EMP01788,Heidi Good Family,Parent,100
BEN01789,EMP01789,Melinda Perry Family,Child,100
BEN01790,EMP01790,Lauren King Family,Parent,100
BEN01791,EMP01791,Jacob Wright Family,Parent,100
BEN01792,EMP01792,Angela Hernandez Family,Spouse,100
BEN01793,EMP01793,Laura Williams Family,Child,100
BEN01794,EMP01794,Lauren Austin Family,Parent,100
BEN01795,EMP01795,Michael Chapman Family,Spouse,100
BEN01796,EMP01796,Dustin Jackson Family,Child,100
BEN01797,EMP01797,James Davis Family,Parent,100
BEN01798,EMP01798,Elizabeth Hanson Family,Child,100
BEN01799,EMP01799,Courtney Vasquez Family,Sibling,100
BEN01800,EMP01800,Justin Smith Family,Child,100
BEN01801,EMP01801,Alexandra Weiss Family,Spouse,100
BEN01802,EMP01802,Stephanie Conner Family,Parent,100
BEN01803,EMP01803,Jason Lawson Family,Child,100
BEN01804,EMP01804,James Rosales Family,Child,100
BEN01805,EMP01805,Christopher Myers Family,Sibling,100
BEN01806,EMP01806,Melissa Nguyen Family,Child,100
BEN01807,EMP01807,Raymond Spencer Family,Sibling,100
BEN01808,EMP01808,Kristen Smith Family,Parent,100
BEN01809,EMP01809,Nicholas Evans Family,Spouse,100
BEN01810,EMP01810,Michele Page Family,Spouse,100
BEN01811,EMP01811,Jacob Gordon Family,Sibling,100
BEN01812,EMP01812,Jade Hayes Family,Parent,100
BEN01813,EMP01813,Diane Scott DVM Family,Sibling,100
BEN01814,EMP01814,Kelly Brown Family,Parent,100
BEN01815,EMP01815,Kim Martin Family,Spouse,100
BEN01816,EMP01816,Glen Powers Family,Spouse,100
BEN01817,EMP01817,Robert Mills Family,Sibling,100
BEN01818,EMP01818,Alyssa Marshall Family,Child,100
BEN01819,EMP01819,Lisa Vance Family,Child,100
BEN01820,EMP01820,Debra Harper Family,Sibling,100
BEN01821,EMP01821,Andrew Frazier Family,Spouse,100
BEN01822,EMP01822,William Henry Family,Parent,100
BEN01823,EMP01823,Denise Hughes Family,Child,100
BEN01824,EMP01824,Brenda Larsen Family,Parent,100
BEN01825,EMP01825,Paula Johnston Family,Child,100
BEN01826,EMP01826,Phillip Stout Family,Spouse,100
BEN01827,EMP01827,Tim Harris Family,Spouse,100
BEN01828,EMP01828,Jacob Decker Family,Child,100
BEN01829,EMP01829,Wendy Roberts Family,Spouse,100
BEN01830,EMP01830,Joseph Reid Family,Child,100
BEN01831,EMP01831,Karen Carter Family,Parent,100
BEN01832,EMP01832,Ian Hall Family,Spouse,100
BEN01833,EMP01833,Alexandria Johnson Family,Parent,100
BEN01834,EMP01834,Stacy Johnson Family,Spouse,100
BEN01835,EMP01835,Virginia Allen Family,Spouse,100
BEN01836,EMP01836,Mark Bridges Family,Sibling,100
BEN01837,EMP01837,Christian Murphy Family,Parent,100
BEN01838,EMP01838,Lisa Davis Family,Sibling,100
BEN01839,EMP01839,Kathryn Stark Family,Child,100
BEN01840,EMP01840,Stephanie Beck Family,Child,100
BEN01841,EMP01841,Joseph Gilbert Family,Child,100
BEN01842,EMP01842,Amanda Brown Family,Parent,100
BEN01843,EMP01843,Lori Hess Family,Parent,100
BEN01844,EMP01844,Alicia Hopkins Family,Child,100
BEN01845,EMP01845,Emily White Family,Child,100
BEN01846,EMP01846,Steven Castro Family,Sibling,100
BEN01847,EMP01847,Sierra Daniel Family,Child,100
BEN01848,EMP01848,Crystal Robinson Family,Sibling,100
BEN01849,EMP01849,Richard Jensen Family,Spouse,100
BEN01850,EMP01850,Joshua Robles Family,Sibling,100
BEN01851,EMP01851,Sean Walker Family,Spouse,100
BEN01852,EMP01852,Bridget Turner Family,Spouse,100
BEN01853,EMP01853,Michael Cruz Family,Sibling,100
BEN01854,EMP01854,Yolanda Hernandez Family,Child,100
BEN01855,EMP01855,Jessica Hall Family,Sibling,100
BEN01856,EMP01856,Carlos Hodges Family,Spouse,100
BEN01857,EMP01857,Elizabeth Hill Family,Spouse,100
BEN01858,EMP01858,Pamela Jordan Family,Spouse,100
BEN01859,EMP01859,Shannon Hicks Family,Sibling,100
BEN01860,EMP01860,Cindy Morgan Family,Parent,100
BEN01861,EMP01861,Wanda Scott Family,Child,100
BEN01862,EMP01862,Timothy Gillespie Family,Parent,100
BEN01863,EMP01863,Edward Sanford Family,Sibling,100
BEN01864,EMP01864,Matthew Potts Family,Parent,100
BEN01865,EMP01865,Brian Jimenez Family,Parent,100
BEN01866,EMP01866,Deborah Wilkins Family,Sibling,100
BEN01867,EMP01867,Dennis Gutierrez Family,Spouse,100
BEN01868,EMP01868,Todd Gutierrez Family,Spouse,100
BEN01869,EMP01869,Jo Johnson Family,Sibling,100
BEN01870,EMP01870,Phyllis Ryan Family,Parent,100
BEN01871,EMP01871,Jeffery Davis Family,Child,100
BEN01872,EMP01872,Steve Scott Family,Child,100
BEN01873,EMP01873,Catherine Craig Family,Spouse,100
BEN01874,EMP01874,Joseph Rogers Family,Spouse,100
BEN01875,EMP01875,Adam Williams Family,Parent,100
BEN01876,EMP01876,Terry Taylor Family,Sibling,100
BEN01877,EMP01877,Kathy Flores Family,Sibling,100
BEN01878,EMP01878,James Johnson Family,Parent,100
BEN01879,EMP01879,Bradley Hudson Family,Sibling,100
BEN01880,EMP01880,Wendy Gonzalez Family,Spouse,100
BEN01881,EMP01881,Michelle Sanchez Family,Sibling,100
BEN01882,EMP01882,Donna Lopez Family,Sibling,100
BEN01883,EMP01883,Tina Jimenez Family,Sibling,100
BEN01884,EMP01884,Dylan Brown Family,Child,100
BEN01885,EMP01885,Sean Michael Family,Spouse,100
BEN01886,EMP01886,John Weber Family,Parent,100
BEN01887,EMP01887,Eric Mendoza Family,Child,100
BEN01888,EMP01888,Lindsey Hayes Family,Parent,100
BEN01889,EMP01889,Jesus Bryant Family,Spouse,100
BEN01890,EMP01890,Michael Silva Family,Parent,100
BEN01891,EMP01891,Nicole Davis Family,Parent,100
BEN01892,EMP01892,David Fletcher Family,Sibling,100
BEN01893,EMP01893,Eric Kane Family,Spouse,100
BEN01894,EMP01894,Casey Mitchell Family,Parent,100
BEN01895,EMP01895,Christopher Chandler Family,Spouse,100
BEN01896,EMP01896,John Lewis Jr. Family,Sibling,100
BEN01897,EMP01897,Michael Bowen PhD Family,Spouse,100
BEN01898,EMP01898,Robert Ballard Family,Parent,100
BEN01899,EMP01899,Brian Warner Family,Parent,100
BEN01900,EMP01900,Fernando Jenkins Family,Sibling,100
BEN01901,EMP01901,Deborah Webb Family,Parent,100
BEN01902,EMP01902,Michael Woodard Family,Sibling,100
BEN01903,EMP01903,Justin Nguyen Family,Sibling,100
BEN01904,EMP01904,Christopher Moore Family,Spouse,100
BEN01905,EMP01905,Maria Gonzales Family,Sibling,100
BEN01906,EMP01906,Heather Saunders Family,Parent,100
BEN01907,EMP01907,Emily Fitzgerald Family,Child,100
BEN01908,EMP01908,Michael Harrison Family,Child,100
BEN01909,EMP01909,Scott Evans Family,Parent,100
BEN01910,EMP01910,Emily Curry Family,Parent,100
BEN01911,EMP01911,Thomas Velazquez Family,Sibling,100
BEN01912,EMP01912,Amber Anderson Family,Parent,100
BEN01913,EMP01913,Audrey Salas Family,Spouse,100
BEN01914,EMP01914,Robert Edwards Family,Parent,100
BEN01915,EMP01915,Sheila Sanchez Family,Spouse,100
BEN01916,EMP01916,Crystal Reynolds Family,Child,100
BEN01917,EMP01917,Jeffery Mitchell Family,Spouse,100
BEN01918,EMP01918,Vicki Jenkins Family,Spouse,100
BEN01919,EMP01919,Sharon Cantu Family,Parent,100
BEN01920,EMP01920,Stephen Juarez Family,Parent,100
BEN01921,EMP01921,Jennifer James Family,Parent,100
BEN01922,EMP01922,Mary Adams Family,Parent,100
BEN01923,EMP01923,Kathryn Zimmerman Family,Child,100
BEN01924,EMP01924,Stephanie Jones Family,Child,100
BEN01925,EMP01925,William Parker Family,Spouse,100
BEN01926,EMP01926,Kyle Hansen Family,Sibling,100
BEN01927,EMP01927,Lauren Rios Family,Parent,100
BEN01928,EMP01928,Kendra Reed Family,Sibling,100
BEN01929,EMP01929,Matthew Hill Family,Parent,100
BEN01930,EMP01930,Willie Sharp Family,Parent,100
BEN01931,EMP01931,Leah Zuniga Family,Sibling,100
BEN01932,EMP01932,Tammie Jennings Family,Sibling,100
BEN01933,EMP01933,Tony Rasmussen Family,Sibling,100
BEN01934,EMP01934,Angela Cruz Family,Spouse,100
BEN01935,EMP01935,Samantha Davila Family,Parent,100
BEN01936,EMP01936,Sarah Reed Family,Parent,100
BEN01937,EMP01937,Suzanne Martin Family,Sibling,100
BEN01938,EMP01938,Manuel Smith Family,Child,100
BEN01939,EMP01939,Ashley Price Family,Child,100
BEN01940,EMP01940,Brian Owens Family,Parent,100
BEN01941,EMP01941,Aaron Simon Family,Parent,100
BEN01942,EMP01942,Christopher Donovan Family,Parent,100
BEN01943,EMP01943,David Johnson Family,Child,100
BEN01944,EMP01944,Zachary Shaw Family,Sibling,100
BEN01945,EMP01945,Jodi Wade Family,Spouse,100
BEN01946,EMP01946,Joseph Dean Family,Child,100
BEN01947,EMP01947,Jasmine Garcia Family,Sibling,100
BEN01948,EMP01948,Tiffany Carroll Family,Parent,100
BEN01949,EMP01949,Robert Ochoa Family,Spouse,100
BEN01950,EMP01950,Rebecca Griffin Family,Child,100
BEN01951,EMP01951,James Hughes Family,Child,100
BEN01952,EMP01952,Carla Oliver Family,Child,100
BEN01953,EMP01953,Carol Stephens Family,Sibling,100
BEN01954,EMP01954,Darrell Johnson Family,Child,100
BEN01955,EMP01955,Samantha Dunn Family,Parent,100
BEN01956,EMP01956,Jessica Hill Family,Spouse,100
BEN01957,EMP01957,Joshua Gibson Family,Spouse,100
BEN01958,EMP01958,Michelle Daniels Family,Spouse,100
BEN01959,EMP01959,Teresa Hooper Family,Spouse,100
BEN01960,EMP01960,Jimmy Butler Family,Parent,100
BEN01961,EMP01961,Anna Barrett Family,Spouse,100
BEN01962,EMP01962,Leah Jones Family,Child,100
BEN01963,EMP01963,James Underwood Family,Spouse,100
BEN01964,EMP01964,Daniel Walters Family,Sibling,100
BEN01965,EMP01965,Teresa Henderson Family,Spouse,100
BEN01966,EMP01966,Michael Hall Family,Child,100
BEN01967,EMP01967,Elizabeth Gomez Family,Sibling,100
BEN01968,EMP01968,Ryan Juarez Family,Child,100
BEN01969,EMP01969,Michael Crane Family,Sibling,100
BEN01970,EMP01970,Megan Jones Family,Spouse,100
BEN01971,EMP01971,Teresa Lopez Family,Parent,100
BEN01972,EMP01972,Mr. Daniel Ross Family,Sibling,100
BEN01973,EMP01973,Roy Smith Family,Child,100
BEN01974,EMP01974,James Mendoza Family,Parent,100
